,fileNum,document,search,contentType,content,Target,NeedCheck
134,6,ProcessItem,ProcessItem/arguments,string,#NAME?,0,
135,6,ProcessItem,ProcessItem/arguments,string,#NAME?,0,
136,6,ProcessItem,ProcessItem/arguments,string,#NAME?,0,
137,6,ProcessItem,ProcessItem/arguments,string,#NAME?,0,
819,31,ServiceItem,ServiceItem/serviceDLLSignatureVerified,string,FALSE,0,
774,31,FileItem,FileItem/PEInfo/VersionInfoList/VersionInfoItem/OriginalFilename,string,ZRMM2011.exe,0,
776,31,FileItem,FileItem/PEInfo/VersionInfoList/VersionInfoItem/FileDescription,string,ZRMM2011,0,
777,31,FileItem,FileItem/PEInfo/VersionInfoList/VersionInfoItem/InternalName,string,ZRMM2011,0,
82,5,Network,Network/DNS,string,yahooo.8866.org,0,
329,13,FileItem,FileItem/StringList/string,string,Y29ubmVjdA==embedded string used for C2 commands,0,
129,6,FileItem,FileItem/FileName,string,xmlrwbin.inc,0,
919,35,DnsEntryItem,DnsEntryItem/RecordName,string,xaker.me ,0,
935,35,UrlHistoryItem,UrlHistoryItem/URL,string,xaker.me ,0,
6,0,ProcessItem,ProcessItem/HandleList/Handle/Name,string,www[.]nyrtonghost.com,0,
917,35,DnsEntryItem,DnsEntryItem/RecordName,string,www.skype-rf.ru,0,
933,35,UrlHistoryItem,UrlHistoryItem/URL,string,www.skype-rf.ru,0,
918,35,DnsEntryItem,DnsEntryItem/RecordName,string,www.skype4download.ru,0,
934,35,UrlHistoryItem,UrlHistoryItem/URL,string,www.skype4download.ru,0,
916,35,DnsEntryItem,DnsEntryItem/RecordName,string,www.mittmax.com,0,
932,35,UrlHistoryItem,UrlHistoryItem/URL,string,www.mittmax.com,0,
67,3,DnsEntryItem,DnsEntryItem/RecordName,string,www.microsoft.com,2,
77,4,DnsEntryItem,DnsEntryItem/RecordName,string,www.microsoft.com,2,
261,12,Network,Network/DNS,string,wwnav.selfip.net,0,
691,29,Network,Network/DNS,string,wwap.publiclol.com,0,
186,11,FileItem,FileItem/PEInfo/Exports/ExportedFunctions/string,string,WUServiceMain,0,
179,11,ServiceItem,ServiceItem/name,string,wuauserv,2,
957,36,FileItem,FileItem/FileName,string,wuauclt.exe,2,
1018,38,FileItem,FileItem/FileName,string,wuauclt.exe,2,
1035,38,RegistryItem,RegistryItem/Text,string,wuauclt.exe,2,
964,36,FileItem,FileItem/FileName,string,wuaclt.exe,2,
252,12,Network,Network/DNS,string,wqq.dyndns.org,0,
875,35,FileItem,FileItem/PEInfo/VersionInfoList/VersionInfoItem/InternalName,string,Wolff Diets Cowboy Mig,0,
237,12,FileItem,FileItem/FileName,string,wmspdmgr.dll,0,
1072,40,FileItem,FileItem/FileName,string,wmiprvse.exe,0,
1071,40,FileItem,FileItem/FileName,string,wmicide.exe,0,
428,15,FileItem,FileItem/FileName,string,WMDMPMSN.dll,0,
603,24,FileItem,FileItem/FileName,string,winword.exe,0,
790,31,FileItem,FileItem/FileName,string,WINWORD.EXE,0,
1077,40,FileItem,FileItem/FileName,string,winsrv.exe,0,
859,33,RegistryItem,RegistryItem/Path,string,winps.exeregistry artifacts that may be created by this malware,0,
847,33,FileItem,FileItem/FileName,string,winps.exe,0,
855,33,FileItem,FileItem/FileName,string,winps.dll,0,
390,14,FileItem,FileItem/PEInfo/VersionInfoList/VersionInfoItem/FileDescription,string,Windows Command Processor,2,
977,37,FileItem,FileItem/PEInfo/VersionInfoList/VersionInfoItem/FileDescription,string,Windows Command Processor,2,
671,28,FileItem,FileItem/FileName,string,wiarpc.dll,0,
670,28,FileItem,FileItem/FileName,string,werport.dll,0,
97,6,ServiceItem,ServiceItem/name,string,WebService,0,
98,6,ServiceItem,ServiceItem/name,string,WebClientManager,0,
379,13,FileItem,FileItem/FileName,string,wauserv.dll456d298649a7ec31a7250ed9312ebbaf,0,
475,17,DnsEntryItem,DnsEntryItem/RecordName,string,wangzongfacai.com,0,
974,37,ServiceItem,ServiceItem/name,string,W7fwMP,1,
1000,37,FileItem,FileItem/FileName,string,W7fw.sys,1,
968,37,FileItem,FileItem/FileName,string,w7fw,1,
970,37,ProcessItem,ProcessItem/HandleList/Handle/Name,string,w7fw,1,
973,37,ServiceItem,ServiceItem/name,string,W7fw,1,
504,18,ProcessItem,ProcessItem/StringList/string,string,visit,0,
58,2,DnsEntryItem,DnsEntryItem/RecordName,string,vic.perrydale.com,0,
108,6,Email,Email/From,string,veryhappy@mail.bg,0,
378,13,FileItem,FileItem/FileName,string,vediosrv.dll4cd3bed14aaffcf61f4d2948484c4c90,0,
125,6,FileItem,FileItem/FileName,string,vcmon.exe,0,
878,35,FileItem,FileItem/PEInfo/VersionInfoList/VersionInfoItem/ProductVersion,string,VarFileInfo,0,
824,31,RegistryItem,RegistryItem/Text,string,Users\,0,
494,17,Network,Network/URI,string,username,0,
148,6,RegistryItem,RegistryItem/ValueName,string,UseIps,0,
146,6,RegistryItem,RegistryItem/ValueName,string,UseFw,0,
868,34,Network,Network/DNS,string,updating.vicp.cc,0,
535,20,FileItem,FileItem/FileName,string,updatesvc.dll,0,
668,28,Network,Network/DNS,string,update.yahoo-upgrade.com/ch,1,
87,5,Network,Network/DNS,string,update.ourhobby.com,1,
0,0,FileItem,FileItem/FileName,string,update.exe,0,
383,13,FileItem,FileItem/PEInfo/Exports/ExportedFunctions/string,string,UninstallService,0,
385,13,FileItem,FileItem/PEInfo/Exports/ExportedFunctions/string,string,uninstallA,0,
838,32,Network,Network/URI,string,uname=,0,
580,23,FileItem,FileItem/FileName,string,uid.ax,0,
772,31,FileItem,FileItem/PEInfo/VersionInfoList/VersionInfoItem/ProductName,string,TXT FILE,0,
773,31,FileItem,FileItem/PEInfo/VersionInfoList/VersionInfoItem/FileDescription,string,TXT FILE,0,
247,12,Network,Network/DNS,string,tunga.homedns.org,0,
1002,37,EventLogItem,EventLogItem/message,string,The MS DTC service is stopping,0,
1003,37,EventLogItem,EventLogItem/message,string,The Distributed Transaction Coordinator service was successfully sent a start control,0,
538,20,FileItem,FileItem/FilePath,string,Temp\perf,2,
405,15,FileItem,FileItem/FileName,string,Temp.sys,2,
79,4,FileItem,FileItem/FilePath,string,TEMP,2,
88,5,FileItem,FileItem/FilePath,string,Temp,2,
118,6,FileItem,FileItem/FilePath,string,Temp,2,
579,23,FileItem,FileItem/FilePath,string,Temp,2,
501,18,Network,Network/URI,string,tasks.php,0,
151,6,FileItem,FileItem/FileName,string,taskmgr.exe,0,
259,12,Network,Network/DNS,string,takami.podzone.net,0,
684,29,FileItem,FileItem/FileName,string,t3fcj1.doc,0,
826,31,RegistryItem,RegistryItem/ValueName,string,SysTray,0,
827,31,RegistryItem,RegistryItem/ValueName,string,systemupdate,0,
455,15,RegistryItem,RegistryItem/Value,string,system32\drivers\temp.sys,0,
191,11,RegistryItem,RegistryItem/KeyPath,string,SYSTEM\CurrentControlSet\Services\wuauserv\Parameters,0,
138,6,RegistryItem,RegistryItem/KeyPath,string,SYSTEM\CurrentControlSet\Services\SharedAccess\Parameters\FirewallPolicy\StandardProfile,0,
139,6,RegistryItem,RegistryItem/KeyPath,string,SYSTEM\CurrentControlSet\Services\SharedAccess\Parameters\FirewallPolicy\PublicProfile,0,
193,11,RegistryItem,RegistryItem/KeyPath,string,SYSTEM\CURRENTCONTROLSET\ENUM\ROOT\LEGACY_{93144EB0-8E3E-4591-B307-8EEBFE7DB28F},0,
585,23,RegistryItem,RegistryItem/Path,string,"SYSTEM\ControlSet\Services\AppMgmt\""Type""",0,
587,23,RegistryItem,RegistryItem/Path,string,"SYSTEM\ControlSet\Services\AppMgmt\""FailureActions""",0,
581,23,RegistryItem,RegistryItem/Path,string,SYSTEM\ControlSet\Services\AppMgmt\,0,
883,35,FileItem,FileItem/FileName,string,syskey2i.drv,0,
532,20,Network,Network/DNS,string,sysinformation.dyndns-server.com,0,
627,25,Email,Email/Subject,string,Swift Account verification,0,
169,9,Network,Network/DNS,string,svr01.passport.serveuser.com,1,*
893,35,FileItem,FileItem/FileName,string,svgtook.exe,1,*
894,35,FileItem,FileItem/FileName,string,svflooje.exe,1,*
882,35,FileItem,FileItem/FileName,string,svdhalp.exe.ini,1,*
881,35,FileItem,FileItem/FileName,string,svdhalp.exe,1,*
667,27,RegistryItem,RegistryItem/ValueName,string,SVCRTC,1,*
185,11,FileItem,FileItem/PEInfo/Exports/ExportedFunctions/string,string,SvchostPushServiceGlobals,2,*
377,13,FileItem,FileItem/FileName,string,svchost.exe0fed203f3df6a82c9124f24aa3d9d75d 335df3ffb8cee61c20ab91a401204df4 6461ea41f179e660c40ed65aee1a4a2d 69dc1e1ee273e531e91c60eb86396cc8 97c83d85bd76a38b13cea960a1a97f70 da5ff7927d608d7ccc7495939d457bd3,2,*
133,6,ProcessItem,ProcessItem/name,string,svchost.exe,2,*
653,27,FileItem,FileItem/FileName,string,svchost.exe,2,*
664,27,RegistryItem,RegistryItem/Text,string,svchost.exe,2,*
785,31,FileItem,FileItem/FileName,string,svchost.exe,2,*
958,36,FileItem,FileItem/FileName,string,svchost.exe,2,*
961,36,FileItem,FileItem/PEInfo/VersionInfoList/VersionInfoItem/OriginalFilename,string,svchost.exe,2,*
963,36,FileItem,FileItem/PEInfo/VersionInfoList/VersionInfoItem/InternalName,string,svchost.exe,2,*
895,35,FileItem,FileItem/FileName,string,svcgoow.exe,2,*
255,12,Network,Network/DNS,string,sv.serveftp.org,1,*
81,4,FileItem,FileItem/FileName,string,success.asp,0,
521,20,FileItem,FileItem/FileName,string,STREAM.SYS,0,
43,0,UrlHistoryItem,UrlHistoryItem/Username,string,Stacey.wilcoxsa,2,*
44,0,FormHistoryItem,FormHistoryItem/Username,string,Stacey.wilcoxsa,2,*
1,0,FileItem,FileItem/FileName,string,ssheay.dll,0,
130,6,FileItem,FileItem/FileName,string,sqlxmlx.inc,0,
506,18,ProcessItem,ProcessItem/StringList/string,string,spread,0,
107,6,Email,Email/From,string,sportsman@mail.bg,0,
1019,38,FileItem,FileItem/FileName,string,spending_cutting_plan               .exe,0,
663,27,RegistryItem,RegistryItem/Path,string,Software\Microsoft\Windows\CurrentVersion\Run,0,
857,33,RegistryItem,RegistryItem/Path,string,SOFTWARE\Microsoft\Windows Messaging Subsystem\MSMapiAppsregistry artifacts that may be created by this malware,0,
141,6,RegistryItem,RegistryItem/KeyPath,string,SOFTWARE\Ahnlab\V3IS80\is,0,
140,6,RegistryItem,RegistryItem/KeyPath,string,SOFTWARE\AhnLab\V3IS2007\InternetSec,0,
142,6,RegistryItem,RegistryItem/KeyPath,string,SOFTWARE\AhnLab\V3 365 Clinic\InternetSec,0,
512,18,ProcessItem,ProcessItem/StringList/string,string,smart,0,
510,18,ProcessItem,ProcessItem/StringList/string,string,slow,0,
235,12,FileItem,FileItem/FileName,string,slbkbw.dll,0,
83,5,Network,Network/DNS,string,sl1.homelinux.org,0,
236,12,FileItem,FileItem/FileName,string,skypeie6plugin.dll,0,
915,35,DnsEntryItem,DnsEntryItem/RecordName,string,skype4download.ru,0,
931,35,UrlHistoryItem,UrlHistoryItem/URL,string,skype4download.ru,0,
914,35,DnsEntryItem,DnsEntryItem/RecordName,string,skachatiskype.ru,0,
930,35,UrlHistoryItem,UrlHistoryItem/URL,string,skachatiskype.ru,0,
874,35,FileItem,FileItem/PEInfo/VersionInfoList/VersionInfoItem/FileDescription,string,Signs Blast Egypt Avery,0,
200,12,FileItem,FileItem/FileName,string,shlink64.dll,0,
199,12,FileItem,FileItem/FileName,string,shlink32.dll,0,
989,37,FileItem,FileItem/PEInfo/ImportedModules/Module/ImportedFunctions/string,string,setupcopyoeminfw,0,
391,14,FileItem,FileItem/FileName,string,sethc.exe,2,
394,14,FileItem,FileItem/FileName,string,sethc.exe,2,
978,37,FileItem,FileItem/FileName,string,sethc.exe,2,
981,37,FileItem,FileItem/FileName,string,sethc.exe,2,
1067,40,RegistryItem,RegistryItem/Path,string,services\oseasvregistry entries created by some variants,0,
1066,40,RegistryItem,RegistryItem/Path,string,services\devfsregistry entries created by some variants,0,
254,12,Network,Network/DNS,string,services.serveftp.org,0,
266,12,Network,Network/DNS,string,services.serveftp.org,0,
184,11,FileItem,FileItem/PEInfo/Exports/ExportedFunctions/string,string,ServiceMain,2,
382,13,FileItem,FileItem/PEInfo/Exports/ExportedFunctions/string,string,ServiceMain,2,
953,36,FileItem,FileItem/FileName,string,sdwefa.gif,0,
234,12,FileItem,FileItem/FileName,string,sdptbw.dll,0,
233,12,FileItem,FileItem/FileName,string,scsvrft.dll,0,
775,31,FileItem,FileItem/PEInfo/VersionInfoList/VersionInfoItem/ProductName,string,sbt ZRMM2011,0,
778,31,FileItem,FileItem/PEInfo/VersionInfoList/VersionInfoItem/CompanyName,string,sbt,0,
1104,40,ServiceItem,ServiceItem/description,string,Saves installation files used for updates and repairs and is required for the downloading of Setup updates and Watson error reports.service information set up by some variants of this malware,0,
870,34,FileItem,FileItem/FileName,string,samsrv.dll,0,
1068,40,FileItem,FileItem/FileName,string,sacard.exe,0,
472,17,DnsEntryItem,DnsEntryItem/RecordName,string,rxxiaoao.com,0,
546,20,RegistryItem,RegistryItem/Value,string,rundll32.exe,0,
110,6,Email,Email/From,string,rsh1213@hotmail.com,0,
116,6,FileItem,FileItem/StringList/string,string,rsh!@!#,0,
987,37,FileItem,FileItem/PEInfo/VersionInfoList/VersionInfoItem/OriginalFilename,string,Rserver.exe,0,
988,37,FileItem,FileItem/PEInfo/VersionInfoList/VersionInfoItem/InternalName,string,Rserver,0,
59,2,DnsEntryItem,DnsEntryItem/RecordName,string,rpt.perrydale.com,0,
830,32,DnsEntryItem,DnsEntryItem/RecordName,string,rpgallerynow.info,0,
232,12,FileItem,FileItem/FileName,string,rpcdist.dll,0,
258,12,Network,Network/DNS,string,ricush.ath.cx,0,
159,8,FileItem,FileItem/FileName,string,restore.dat,0,
57,2,DnsEntryItem,DnsEntryItem/RecordName,string,report.perrydale.com,0,
117,6,ServiceItem,ServiceItem/name,string,Remote Access Service,0,
3,0,ProcessItem,ProcessItem/name,string,regsrv32.exe,0,
789,31,FileItem,FileItem/FileName,string,reader_sl.exe,0,
708,29,FileItem,FileItem/FileName,string,rcs,0,
427,15,FileItem,FileItem/FileName,string,RASAUTOE_3438.dll,0,
429,15,FileItem,FileItem/FileName,string,RASAUTOE_0F9D.dll,0,
90,5,ServiceItem,ServiceItem/name,string,RaS,0,
839,32,Network,Network/URI,string,pword=,0,
60,2,DnsEntryItem,DnsEntryItem/RecordName,string,psa.perrydale.com,0,
249,12,Network,Network/DNS,string,prosoccer2.dyndns.info,0,
248,12,Network,Network/DNS,string,prosoccer1.dyndns.info,0,
791,31,FileItem,FileItem/FileName,string,press_releases_doc.doc.exe,0,
1110,40,RegistryItem,RegistryItem/Text,string,plugplay,0,
253,12,Network,Network/DNS,string,pl400.dyndns.org,0,
913,35,DnsEntryItem,DnsEntryItem/RecordName,string,pizdaruliu.net,0,
929,35,UrlHistoryItem,UrlHistoryItem/URL,string,pizdaruliu.net,0,
251,12,Network,Network/DNS,string,pininfarina.dynalias.com,0,
879,35,FileItem,FileItem/PEInfo/VersionInfoList/VersionInfoItem/ProductName,string,Picks Air,0,
495,17,Network,Network/URI,string,password,0,
167,8,Network,Network/URI,string,para3,0,
166,8,Network,Network/URI,string,para2,0,
165,8,Network,Network/URI,string,para1,0,
834,32,DnsEntryItem,DnsEntryItem/RecordName,string,outlookscansafe.net,0,
835,32,DnsEntryItem,DnsEntryItem/RecordName,string,outlookexchange.net,0,
1108,40,ServiceItem,ServiceItem/name,string,OSEASV,0,
912,35,DnsEntryItem,DnsEntryItem/RecordName,string,open-pass.com,0,
928,35,UrlHistoryItem,UrlHistoryItem/URL,string,open-pass.com,0,
505,18,ProcessItem,ProcessItem/StringList/string,string,open,0,
1074,40,FileItem,FileItem/FileName,string,oobewmiprvse.exe,0,
127,6,FileItem,FileItem/FileName,string,oledvbs.inc,0,
453,15,ProcessItem,ProcessItem/HandleList/Handle/Name,string,OLE_DLL_SINGLETON,0,
890,35,FileItem,FileItem/PEInfo/VersionInfoList/VersionInfoItem/OriginalFilename,string,Ohokls.exe,0,
885,35,FileItem,FileItem/PEInfo/VersionInfoList/VersionInfoItem/CompanyName,string,Ohokls Vwivanl,0,
886,35,FileItem,FileItem/PEInfo/VersionInfoList/VersionInfoItem/FileDescription,string,Ohokls Uanvbnmsel Qukxwdrb,0,
891,35,FileItem,FileItem/PEInfo/VersionInfoList/VersionInfoItem/ProductName,string,Ohokls Uanvbnmsel Qukxwdrb,0,
888,35,FileItem,FileItem/PEInfo/VersionInfoList/VersionInfoItem/InternalName,string,Ohokls,0,
1106,40,ServiceItem,ServiceItem/descriptiveName,string,Office Engine Service,0,
975,37,FileItem,FileItem/FileName,string,oci.vbs,0,
983,37,FileItem,FileItem/FileName,string,oci.dll,0,
198,12,FileItem,FileItem/FileName,string,objframe.dll,0,
387,13,FileItem,FileItem/PEInfo/Exports/DllName,string,Nwsapagent.dlldescription of DLL used in about half of samples seen,0,
376,13,FileItem,FileItem/FileName,string,nwsapagent.dll0fed203f3df6a82c9124f24aa3d9d75d 255cd53f9bdb6f3755e621885cb34382 28dbd86bd86eb9153ecb20d883c41ae0 3d0c1dc5ac55f6d0e6b7fabfeb5158f5 9548e5ed4fbacd0ed4a9d6a27f5d8fec a360b16c19ab9dea6763f777257c5f38 abff707cb54a6e5a9fcbb3fef74dbddc b7dba6184f07b1e824362a2307d91ae2 bfcae0468de0c7bcf92e9989589082f1 c425b8782075da33cba5aae5ad612582 cfce9478c880934b3548c3022a956e14 ea8b6c2c083d6b7b2b6ebc015b0488ca fade2270a6c7cb47893ac600a9a0509f,0,
375,13,FileItem,FileItem/FileName,string,nws.dllfefa3638e4d6f2e00b5194ae3fa0c931,0,
558,21,RegistryItem,RegistryItem/Text,string,ntoc.dll,0,
562,21,RegistryItem,RegistryItem/Text,string,ntoc.dll,0,
563,21,FileItem,FileItem/FileName,string,ntoc.dll,0,
246,12,Network,Network/DNS,string,nthost.shacknet.nu,0,
910,35,DnsEntryItem,DnsEntryItem/RecordName,string,ns2.euro-2012portal.com,1,*
926,35,UrlHistoryItem,UrlHistoryItem/URL,string,ns2.euro-2012portal.com,1,*
911,35,DnsEntryItem,DnsEntryItem/RecordName,string,ns2.euro2012-portal.com,1,*
927,35,UrlHistoryItem,UrlHistoryItem/URL,string,ns2.euro2012-portal.com,1,*
908,35,DnsEntryItem,DnsEntryItem/RecordName,string,ns1.euro-2012portal.com,1,*
924,35,UrlHistoryItem,UrlHistoryItem/URL,string,ns1.euro-2012portal.com,1,*
909,35,DnsEntryItem,DnsEntryItem/RecordName,string,ns1.euro2012-portal.com,1,*
925,35,UrlHistoryItem,UrlHistoryItem/URL,string,ns1.euro2012-portal.com,1,*
836,32,DnsEntryItem,DnsEntryItem/RecordName,string,nickgoodsite.co.uk,0,
466,16,DnsEntryItem,DnsEntryItem/Host,string,Newtime.ezua.com,0,
124,6,FileItem,FileItem/FileName,string,netsvcs_ko.dll,0,
123,6,FileItem,FileItem/FileName,string,netsvcs.exe,0,
476,17,DnsEntryItem,DnsEntryItem/RecordName,string,navert0p.com,0,
250,12,Network,Network/DNS,string,nav1002.ath.cx,0,
498,18,ProcessItem,ProcessItem/HandleList/Handle/Name,string,n3nmtx,0,
374,13,FileItem,FileItem/FileName,string,n.dlld60ee4a39667a733c075bb7f7b36285a,0,
622,24,ProcessItem,ProcessItem/HandleList/Handle/Type,string,MutantMutexes created by different variants of this family,0,
786,31,FileItem,FileItem/FileName,string,mswab.exe,0,
188,11,FileItem,FileItem/FileName,string,msusb,0,
192,11,RegistryItem,RegistryItem/Value,string,msusb,0,
548,20,RegistryItem,RegistryItem/Value,string,"mstime.dll"",start""",0,
550,20,FileItem,FileItem/FileName,string,mstime.dll,0,
666,27,RegistryItem,RegistryItem/ValueName,string,MSTDC,0,
832,32,DnsEntryItem,DnsEntryItem/RecordName,string,msoutexchange.us,0,
131,6,FileItem,FileItem/FileName,string,msolui80.inc,0,
543,20,FileItem,FileItem/FileName,string,MSMAPI32.SRG,0,
867,34,FileItem,FileItem/FileName,string,msjtea40.dll,0,
555,21,RegistryItem,RegistryItem/Text,string,mshtml Class,0,
837,32,Network,Network/URI,string,msg=,0,
152,6,FileItem,FileItem/FileName,string,msdatt.bat,0,
132,6,FileItem,FileItem/FileName,string,msdaipp.cnt,0,
1076,40,FileItem,FileItem/FileName,string,msctcwmiprvse.exe,0,
66,3,Network,Network/UserAgent,string,Mozilla/4.0 (Compatible; MSIE 6.0;),2,
78,4,Network,Network/UserAgent,string,Mozilla/4.0 (Compatible; MSIE 6.0;),2,
162,8,Network,Network/UserAgent,string,Mozilla/4.0 (compatible; MSIE 6.0; Windows NT 5.1),2,
168,8,Network,Network/URI,string,Mozilla/4.0 (compatible; MSIE 6.0; Windows NT 5.1),2,
652,27,FileItem,FileItem/StringList/string,string,Mozilla/4.0 (compatible; MSIE 6.0; Windows NT 5.1),2,
181,11,Network,Network/UserAgent,string,Mozilla/4.0,2,
106,6,Email,Email/From,string,monneyman@mail.bg,0,
493,17,Network,Network/URI,string,modversions,0,
492,17,Network,Network/URI,string,mod_unload,0,
907,35,DnsEntryItem,DnsEntryItem/RecordName,string,mittmax.com,0,
923,35,UrlHistoryItem,UrlHistoryItem/URL,string,mittmax.com,0,
954,36,FileItem,FileItem/FullPath,string,Microsoft\wuauclt.exe,0,
373,13,FileItem,FileItem/FileName,string,microsoft.dll0df42947e167cd006b176d305c08d57e,0,
858,33,RegistryItem,RegistryItem/Text,string,Microsoft Outlookregistry artifacts that may be created by this malware,0,
821,31,ServiceItem,ServiceItem/descriptiveName,string,Microsoft .Net Framework COM+ Support,0,
822,31,ServiceItem,ServiceItem/description,string,Microsoft .NET and Windows XP COM+ Integration with SOAP,0,
231,12,FileItem,FileItem/FileName,string,mdwmnsp.dll,0,
1069,40,FileItem,FileItem/FileName,string,mci.jpg,0,
264,12,Network,Network/DNS,string,mango66.dyndns.org,0,
14,0,FileItem,FileItem/StringList/string,string,mail.google.com,0,*
15,0,ProcessItem,ProcessItem/StringList/string,string,mail.google.com,0,*
37,0,UrlHistoryItem,UrlHistoryItem/URL,string,mail.google.com,0,*
38,0,DnsEntryItem,DnsEntryItem/RecordName,string,mail.google.com,0,*
39,0,Network,Network/DNS,string,mail.google.com,0,*
906,35,DnsEntryItem,DnsEntryItem/RecordName,string,mail.asdaddddaaaa.com,0,
922,35,UrlHistoryItem,UrlHistoryItem/URL,string,mail.asdaddddaaaa.com,0,
469,16,DnsEntryItem,DnsEntryItem/Host,string,Machine.ddsn.com,0,
230,12,FileItem,FileItem/FileName,string,LPQueue.bin,0,
105,6,Email,Email/From,string,lovest000@mail.bg,0,
905,35,DnsEntryItem,DnsEntryItem/RecordName,string,lost-pass.ru,0,
921,35,UrlHistoryItem,UrlHistoryItem/URL,string,lost-pass.ru,0,
75,4,Network,Network/URI,string,login.stream-media.net/files/xx11/index.asp?95027775,0,
1038,38,FileItem,FileItem/StringList/string,string,LOeFlAL3.l,0,
544,20,FileItem,FileItem/FileName,string,lock.dat,0,
1073,40,FileItem,FileItem/FileName,string,listen.exe,0,
61,2,DnsEntryItem,DnsEntryItem/RecordName,string,link.angellroofing.com,0,
829,32,DnsEntryItem,DnsEntryItem/RecordName,string,lifehealthsanfrancisco2015.com,0,
85,5,Network,Network/DNS,string,li107-40.members.linode.com,0,
782,31,ProcessItem,ProcessItem/HandleList/Handle/Name,string,LETUSHAVEAGOODTIME,0,
372,13,FileItem,FileItem/FileName,string,lao.execfc6112254a69030521d0d2bba152d4d,0,
897,35,FileItem,FileItem/FileName,string,keys.ini,0,
514,18,ProcessItem,ProcessItem/StringList/string,string,keylogger,0,
491,17,Network,Network/URI,string,kernel=,0,
99,6,ServiceItem,ServiceItem/serviceDLL,string,KBVLD2.DLL,0,
121,6,FileItem,FileItem/FileName,string,KBVLD2.DLL,0,
673,29,FileItem,FileItem/FileName,string,kb71271.log,0,
833,32,DnsEntryItem,DnsEntryItem/RecordName,string,junomaat81.us,0,
676,29,FileItem,FileItem/FileName,string,JavaSvc.exe,0,
704,29,FileItem,FileItem/FileName,string,JavaSvc.exe,0,
371,13,FileItem,FileItem/FileName,string,ipripp.dll4cabfaef26fd8e5aec01d0c4b90a32f3,0,
109,6,Email,Email/From,string,iop110112@hotmail.com,0,
685,29,Network,Network/DNS,string,intro.sunnyschool.com.tw,0,
333,13,ServiceItem,ServiceItem/descriptiveName,string,Intranet Network Awareness (COM+)The malware often creates a service entry with consistent text in the description fields.,0,
381,13,FileItem,FileItem/PEInfo/Exports/ExportedFunctions/string,string,InstallService,0,
452,15,ServiceItem,ServiceItem/name,string,InstallDrv,0,
457,15,RegistryItem,RegistryItem/Value,string,InstallDrv,0,
384,13,FileItem,FileItem/PEInfo/Exports/ExportedFunctions/string,string,installA,0,
474,17,DnsEntryItem,DnsEntryItem/RecordName,string,info.3000uc.com,0,
572,22,FileDownloadHistoryItem,FileDownloadHistoryItem/FileName,string,inf,0,
575,22,UrlHistoryItem,UrlHistoryItem/URL,string,inf,0,
80,4,FileItem,FileItem/FileName,string,index.dat,0,
467,16,DnsEntryItem,DnsEntryItem/Host,string,Imitate.faqserv.com,0,
625,24,ProcessItem,ProcessItem/HandleList/Handle/Name,string,ijnrfv,0,
490,17,Network,Network/URI,string,iid=,0,
866,34,FileItem,FileItem/FileName,string,iglicd64.dll,0,
370,13,FileItem,FileItem/FileName,string,iexplore.exe225e33508861984dd2a774760bfdfc52 5613e6d7111b327307c02bec1701ac3f 580a4c05982accc678a72c366b45815d b36168ea438520875c621f5603db003f,0,
635,26,FileItem,FileItem/FileName,string,iexplore.exe,2,
784,31,FileItem,FileItem/FileName,string,iexplore.exe,2,
537,20,FileItem,FileItem/FileName,string,IEXPL0RE.EXE,0,
161,8,Network,Network/URI,string,ID,0,
164,8,Network,Network/URI,string,ID,0,
437,15,UrlHistoryItem,UrlHistoryItem/URL,string,https://tr1ck-track.com/,0,*
440,15,UrlHistoryItem,UrlHistoryItem/URL,string,https://mo0nviser.com/,0,*
436,15,UrlHistoryItem,UrlHistoryItem/URL,string,https://91.213.29.63,0,*
434,15,UrlHistoryItem,UrlHistoryItem/URL,string,https://212.36.9.52/,0,*
431,15,UrlHistoryItem,UrlHistoryItem/URL,string,https://195.3.145.111/,0,*
438,15,UrlHistoryItem,UrlHistoryItem/URL,string,https://188.95.52.162/,0,*
513,18,ProcessItem,ProcessItem/StringList/string,string,https,0,
531,20,Network,Network/DNS,string,http://www.satinfo.es/test,0,
713,29,Network,Network/HTTP_Referr,string,http://www.google.com,0,
530,20,Network,Network/DNS,string,http://update.windowsautoupdate.com:443/index0000,0,
444,15,UrlHistoryItem,UrlHistoryItem/URL,string,http://swltcho0.com/,0,*
442,15,UrlHistoryItem,UrlHistoryItem/URL,string,http://rinderwayr.com/,0,*
448,15,UrlHistoryItem,UrlHistoryItem/URL,string,http://revalati0n-startup.com/,0,*
445,15,UrlHistoryItem,UrlHistoryItem/URL,string,http://ranmjyuke.com/,0,*
449,15,UrlHistoryItem,UrlHistoryItem/URL,string,http://pacrim.eclipsemc.com/,0,*
40,0,UrlHistoryItem,UrlHistoryItem/URL,string,http://mail.google.com/mail/feed/atom/,0,*
41,0,DnsEntryItem,DnsEntryItem/RecordName,string,http://mail.google.com/mail/feed/atom/,0,
42,0,Network,Network/DNS,string,http://mail.google.com/mail/feed/atom/,0,
447,15,UrlHistoryItem,UrlHistoryItem/URL,string,http://lkckclcklii1i.com/,0,*
443,15,UrlHistoryItem,UrlHistoryItem/URL,string,http://jukdoout0.com/,0,*
529,20,Network,Network/DNS,string,http://hao.te00.com/lts/woi,0,
441,15,UrlHistoryItem,UrlHistoryItem/URL,string,http://gnarenyawr.com/,0,*
450,15,UrlHistoryItem,UrlHistoryItem/URL,string,http://generic-t00ls.com/,0,*
522,20,Network,Network/DNS,string,http://download.symantec-sync.com/images/pagerr,0,
446,15,UrlHistoryItem,UrlHistoryItem/URL,string,http://crj71ki813ck.com/,0,*
626,25,Email,Email/Body,string,http://bmjaipur.org/fonts/swift/swift,0,
526,20,Network,Network/DNS,string,http://80.224.32.4/test,0,
523,20,Network,Network/DNS,string,http://69.197.14.111/images/imag,0,
533,20,Network,Network/DNS,string,http://69.197.14.111/images/BrightB,0,
509,18,ProcessItem,ProcessItem/StringList/string,string,http,0,
229,12,FileItem,FileItem/FileName,string,HPQueue.bin,0,
51,1,Network,Network/String,string,Host: radio.gamemuster.com,0,
899,35,RegistryItem,RegistryItem/Path,string,HKLM\SYSTEM\CurrentControlSet\Services\svgtook\Security,0,*
900,35,RegistryItem,RegistryItem/Path,string,HKLM\SYSTEM\CurrentControlSet\Services\svgtook\Enum,0,*
898,35,RegistryItem,RegistryItem/Path,string,HKLM\SYSTEM\CurrentControlSet\Services\svgtook,0,*
454,15,RegistryItem,RegistryItem/KeyPath,string,HKLM\SYSTEM\CurrentControlSet\Services\InstallDrv\ImagePath,0,*
456,15,RegistryItem,RegistryItem/KeyPath,string,HKLM\SYSTEM\CurrentControlSet\Services\InstallDrv\DisplayName,0,*
4,0,RegistryItem,RegistryItem/KeyPath,string,HKLM\SOFTWARE\Microsoft\Windows\CurrentVersion\Run\ssl,0,
245,12,RegistryItem,RegistryItem/KeyPath,string,HKLM\Software\Classes\CLSID\{E6BB64BE-0618-4353-9193-0AFE606D6F0C}\InprocServer32,0,
952,36,FileItem,FileItem/FullPath,string,help\svchost.exe,0,
955,36,RegistryItem,RegistryItem/Text,string,help\svchost.exe,0,
965,36,FileItem,FileItem/FullPath,string,help\svchost.exe,0,
470,17,DnsEntryItem,DnsEntryItem/RecordName,string,heethai.com,0,
473,17,DnsEntryItem,DnsEntryItem/RecordName,string,hcxiaoao.com,0,
45,0,FileItem,FileItem/FileName,string,Harry.jpg,0,
104,6,Email,Email/From,string,happylove@mail.bg,0,
114,6,Email,Email/Subject,string,Happy_2,0,
113,6,Email,Email/Subject,string,Happy_0,0,
783,31,ProcessItem,ProcessItem/HandleList/Handle/Name,string,HAHAHAHAHAHAH,0,
56,1,Network,Network/URI,string,h4,0,
55,1,Network,Network/URI,string,h3,0,
54,1,Network,Network/URI,string,h2,0,
53,1,Network,Network/URI,string,h1,0,
1037,38,FileItem,FileItem/StringList/string,string,H_ctitrIei,0,
265,12,Network,Network/DNS,string,gx5639.dyndns.tv,0,
628,25,Email,Email/From,string,guido@correo.uaa.mx,0,
633,26,FileItem,FileItem/FileName,string,GTalk.exe,0,
228,12,FileItem,FileItem/FileName,string,gpktcsp32.dll,0,
634,26,FileItem,FileItem/FileName,string,googlehelp.exe,0,
861,33,RegistryItem,RegistryItem/Path,string,gm.exeregistry artifacts that may be created by this malware,0,
846,33,FileItem,FileItem/FileName,string,gm.exe,0,
854,33,FileItem,FileItem/FileName,string,gm.dll,0,
969,37,FileItem,FileItem/FileName,string,globalsign.cer,0,
971,37,ServiceItem,ServiceItem/serviceDLLCertificateIssuer,string,GlobalSign Root CA,0,
972,37,ServiceItem,ServiceItem/pathCertificateIssuer,string,GlobalSign Root CA,0,
860,33,RegistryItem,RegistryItem/Path,string,getmail.exeregistry artifacts that may be created by this malware,0,
845,33,FileItem,FileItem/FileName,string,getmail.exe,0,
862,33,FileItem,FileItem/PEInfo/Exports/DllName,string,getmail.dllartifact block that desribes functions of the DLL used by this family,0,
853,33,FileItem,FileItem/FileName,string,getmail.dll,0,
16,0,FileItem,FileItem/StringList/string,string,GET,0,
17,0,ProcessItem,ProcessItem/StringList/string,string,GET,0,
962,36,FileItem,FileItem/PEInfo/VersionInfoList/VersionInfoItem/FileDescription,string,Generic Host Process for Win32 Services,0,
144,6,RegistryItem,RegistryItem/ValueName,string,FWRunMode,0,
145,6,RegistryItem,RegistryItem/ValueName,string,fwmode,0,
86,5,Network,Network/DNS,string,ftp2.homeunix.com,0,
699,29,Network,Network/DNS,string,finance.yesplusno.com,0,
503,18,FileItem,FileItem/FileName,string,file_clipbrd.txt,0,
65,3,DnsEntryItem,DnsEntryItem/RecordName,string,file.anyoffice.info,0,
227,12,FileItem,FileItem/FileName,string,FFExtendedCommand.dll,0,
674,29,FileItem,FileItem/Md5sum,md5,ff5a7a610746ab5492cc6ab284138852,0,
328,13,FileItem,FileItem/Md5sum,md5,fefa3638e4d6f2e00b5194ae3fa0c931hash for binary nws.dll,0,
226,12,FileItem,FileItem/FileName,string,FCache.bin,0,
262,12,Network,Network/DNS,string,fast8.homeftp.org,0,
103,6,Email,Email/From,string,fasionman@mail.bg,0,
327,13,FileItem,FileItem/Md5sum,md5,fade2270a6c7cb47893ac600a9a0509fhash for binary Nwsapagent.dll,0,
175,10,FileItem,FileItem/FileName,string,Facebook-Account.exe,0,
48,0,ProcessItem,ProcessItem/SectionList/MemorySection/Md5sum,md5,F8FA42566B0EB2BC5BCF05FE33BA3D4E,0,*
518,19,FileItem,FileItem/Md5sum,md5,f8a2d4ddf9dc2de750c8b4b7ee45ba3f,0,*
1043,40,FileItem,FileItem/Md5sum,md5,f81991fab3b7d58d66629e26d21176ed,0,*
720,31,FileItem,FileItem/Md5sum,md5,f7f85d7f628ce62d1d8f7b39d8940472,0,*
1039,39,FileItem,FileItem/Md5sum,md5,F68872773A88652541BD8D6CA9BDA058,0,*
326,13,FileItem,FileItem/Md5sum,md5,f3b54c188185ee0921848b3a6ad4751ehash for binary esrv.dll,0,*
871,35,FileItem,FileItem/Md5sum,md5,F29B1089B3F5E076D4D4BD2A3A02D3CB,0,*
644,26,FileItem,FileItem/StringList/string,string,Exit cmd shell,0,
369,13,FileItem,FileItem/FileName,string,eventsystem.exe99882234b814b860a22b4d441b92fd82,0,
388,13,FileItem,FileItem/PEInfo/Exports/DllName,string,EventSystem.dlldescription of DLL used in about half of samples seen,0,
368,13,FileItem,FileItem/FileName,string,eventsystem.dll024fd07dbdacc7da227bede3449c2b6a 2479a9a50308cb72fcd5e4e18ef06468 8c57b287a1d2140ccedd6cd097d62ded adb2fc194b960e694aa450161f1df6fc,0,
367,13,FileItem,FileItem/FileName,string,esrv.dllf3b54c188185ee0921848b3a6ad4751e,0,
366,13,FileItem,FileItem/FileName,string,ersv.dll6510cee34da30c7ef5e5e39980402257 75372eb37415140fa5464f1ebb8a0e74,0,
102,6,Email,Email/From,string,ennemyman@mail.bg,0,
569,21,FileItem,FileItem/PEInfo/VersionInfoList/VersionInfoItem/Language,string,English (United States),0,
143,6,RegistryItem,RegistryItem/ValueName,string,EnableFirewall,0,
828,32,DnsEntryItem,DnsEntryItem/RecordName,string,ellismikepage.info,0,
729,31,FileItem,FileItem/Md5sum,md5,efc2025431e7ec8f8784fe81389c77cf,0,*
1048,40,FileItem,FileItem/Md5sum,md5,ef349196b0ffef5a02d30413c8dffc7c,0,*
762,31,FileItem,FileItem/Md5sum,md5,ec82a53f44511ac09e916bde02cddef0,0,*
648,27,FileItem,FileItem/Md5sum,md5,ec3a2197ca6b63ee1454d99a6ae145ab,0,*
47,0,ProcessItem,ProcessItem/SectionList/MemorySection/Md5sum,md5,EAB9937C5E01628C5E1112988896E1A0,0,
325,13,FileItem,FileItem/Md5sum,md5,ea8b6c2c083d6b7b2b6ebc015b0488cahash for binary Nwsapagent.dll,0,*
411,15,FileItem,FileItem/Md5sum,md5,EA5DFDD6FD05ABD306A983F017E083BE,0,*
840,33,FileItem,FileItem/Md5sum,md5,e81db0198d2a63c4ccfc33f58fcb821e,0,*
746,31,FileItem,FileItem/Md5sum,md5,e5237615fde0977c0ea3626fba609ab8,0,*
519,19,FileItem,FileItem/Md5sum,md5,e51ce28c2e2d226365bc5315d3e5f83e,0,*
843,33,FileItem,FileItem/Md5sum,md5,e212aaf642d73a2e4a885f12eea86c58,0,*
719,30,FileItem,FileItem/Md5sum,md5,e107c5c84ded6cd9391aede7f04d64c8,0,*
511,18,ProcessItem,ProcessItem/StringList/string,string,dwflood,0,
331,13,FileItem,FileItem/StringList/string,string,dW5zdXBwb3J0embedded string used for C2 commands,0,
479,17,DnsEntryItem,DnsEntryItem/RecordName,string,dsaj2a1.org,0,
478,17,DnsEntryItem,DnsEntryItem/RecordName,string,dsaj2a.org,0,
477,17,DnsEntryItem,DnsEntryItem/RecordName,string,dsaj2a.com,0,
225,12,FileItem,FileItem/FileName,string,drvinfo.bin,0,
96,6,ServiceItem,ServiceItem/name,string,DriverManage,0,
112,6,Email,Email/Subject,string,Down_1,0,
111,6,Email,Email/Subject,string,Down_0,0,
864,33,FileItem,FileItem/PEInfo/Exports/ExportedFunctions/string,string,doencrypt,0,
825,31,RegistryItem,RegistryItem/Text,string,Documents and Settings\,0,
863,33,FileItem,FileItem/PEInfo/Exports/ExportedFunctions/string,string,docompress,0,
571,22,FileDownloadHistoryItem,FileDownloadHistoryItem/FileName,string,doc,0,
574,22,UrlHistoryItem,UrlHistoryItem/URL,string,doc,0,
831,32,DnsEntryItem,DnsEntryItem/RecordName,string,dmforever.biz,0,
183,11,FileItem,FileItem/PEInfo/Exports/ExportedFunctions/string,string,DllUnregisterServer,0,
182,11,FileItem,FileItem/PEInfo/Exports/ExportedFunctions/string,string,DllRegisterServer,2,*
564,21,FileItem,FileItem/PEInfo/Exports/ExportedFunctions/string,string,DllRegisterServer,2,*
223,12,FileItem,FileItem/FileName,string,dllcomm.dll,1,*
260,12,Network,Network/DNS,string,dfup.selfip.org,0,
1070,40,FileItem,FileItem/FileName,string,dfhost.exe,0,
731,31,FileItem,FileItem/Md5sum,md5,dff4d874b2bfc64a4d1805959c379074,0,
1105,40,ServiceItem,ServiceItem/descriptiveName,string,Device File System,0,
1081,40,FileItem,FileItem/FileName,string,devfs.exe,0,
1107,40,ServiceItem,ServiceItem/name,string,DevFS,0,
334,13,ServiceItem,ServiceItem/description,string,"Depends COM+, Collects and stores network configuration and location information, and notifies applications when this information changes.The malware often creates a service entry with consistent text in the description fields.",0,
604,24,FileItem,FileItem/FileName,string,defwatch.exe,0,
115,6,Email,Email/Subject,string,ddd_3,0,
1050,40,FileItem,FileItem/Md5sum,md5,dc1cff84900afc9d292b305f9b9aae34,0,*
551,21,FileItem,FileItem/Md5sum,md5,dbdd2a9c86e71ba0c9953ff4f89cc25b,0,*
1045,40,FileItem,FileItem/Md5sum,md5,dba356a4726b94731e6ea97aa73cfc3f,0,*
1061,40,FileItem,FileItem/Md5sum,md5,db5805604f84b7303fa04feb18ce8271,0,*
324,13,FileItem,FileItem/Md5sum,md5,da5ff7927d608d7ccc7495939d457bd3hash for binary svchost.exe,0,*
721,31,FileItem,FileItem/Md5sum,md5,da52e6701c9eba92459c6be28efdba74,0,*
765,31,FileItem,FileItem/Md5sum,md5,d751c7f7d2eab52c43ab31312e229307,0,*
323,13,FileItem,FileItem/Md5sum,md5,d60ee4a39667a733c075bb7f7b36285ahash for binary n.dll,0,*
631,26,FileItem,FileItem/Md5sum,md5,d5fd1ce9189cd54f157d691e317c0821,0,*
154,7,FileItem,FileItem/Sha256sum,string,d51cd58a25fd7da6f421f09de3884a1994c9f19060e8439ab2573015ffa0ebce,0,
678,29,FileItem,FileItem/Md5sum,md5,d444be30d2773b23de38ead1f2c6d117,0,*
222,12,FileItem,FileItem/FileName,string,d3dx8_20.dll,0,
1054,40,FileItem,FileItem/Md5sum,md5,d197c388184fef263b7944a7186bc6db,0,
330,13,FileItem,FileItem/StringList/string,string,cXVpdA==embedded string used for C2 commands,0,
823,31,RegistryItem,RegistryItem/Path,string,CurrentVersion\Run\,2,
966,36,RegistryItem,RegistryItem/Path,string,currentversion\run,2,
263,12,Network,Network/DNS,string,ctronlinenews.dyndns.tv,0,
7,0,ProcessItem,ProcessItem/StringList/string,string,css.ashx?nly=,0,
8,0,FileItem,FileItem/StringList/string,string,css.ashx?nly=,0,
9,0,Network,Network/String,string,css.ashx?nly=,0,
646,26,FileItem,FileItem/StringList/string,string,Create cmd shell success,0,
643,26,FileItem,FileItem/StringList/string,string,Create cmd shell failed with err code,0,
877,35,FileItem,FileItem/PEInfo/VersionInfoList/VersionInfoItem/LegalCopyright,string,Copyright Sobs Sift 1997-2011,0,
889,35,FileItem,FileItem/PEInfo/VersionInfoList/VersionInfoItem/LegalCopyright,string,Copyright Ohokls Vwivanl 1997-2011,0,
792,31,FileItem,FileItem/PEInfo/DetectedAnomalies/string,string,contains_eof_dataPE Header Anomaly identified in 6% samples.,2,*
655,27,FileItem,FileItem/PEInfo/DetectedAnomalies/string,string,contains_eof_dataPE Header Anomaly identified in 25% samples.,2,*
1083,40,FileItem,FileItem/PEInfo/DetectedAnomalies/string,string,contains_eof_dataPE Header Anomaly identified in 12% samples.,2,*
605,24,FileItem,FileItem/PEInfo/DetectedAnomalies/string,string,contains_eof_dataPE Header Anomaly identified in 100% samples.,2,*
171,9,FileItem,FileItem/FileName,string,conime.exe,0,
173,9,RegistryItem,RegistryItem/Value,string,conime.exe,0,
221,12,FileItem,FileItem/FileName,string,comsvrpcs.dll,0,
873,35,FileItem,FileItem/PEInfo/VersionInfoList/VersionInfoItem/CompanyName,string,Comma Stone,0,
556,21,RegistryItem,RegistryItem/Text,string,Comhtml.mshtml.1,0,
553,21,FileItem,FileItem/PEInfo/Exports/DllName,string,comhtml.DLL,0,
561,21,RegistryItem,RegistryItem/Text,string,comhtml 1.0 Type Library,0,
426,15,FileItem,FileItem/FileName,string,cmd.dll,0,
568,21,FileItem,FileItem/PEInfo/ResourceInfoList/ResourceInfoItem/Language,string,"Chinese (Simplified, PRC)",0,
256,12,Network,Network/DNS,string,cherry1962.dyndns.org,0,
636,26,FileItem,FileItem/PEInfo/DetectedAnomalies/string,string,checksum_mismatchPE Header Anomaly identified in 67% samples.,2,*
606,24,FileItem,FileItem/PEInfo/DetectedAnomalies/string,string,checksum_is_zeroPE Header Anomaly identified in 91% samples.,2,*
654,27,FileItem,FileItem/PEInfo/DetectedAnomalies/string,string,checksum_is_zeroPE Header Anomaly identified in 75% samples.,2,*
565,21,FileItem,FileItem/PEInfo/DetectedAnomalies/string,string,checksum_is_zeroPE Header Anomaly identified in 100% samples.,2,
793,31,FileItem,FileItem/PEInfo/DetectedAnomalies/string,string,checksum_is_zeroPE Header Anomaly identified in 100% samples.,2,
848,33,FileItem,FileItem/PEInfo/DetectedAnomalies/string,string,checksum_is_zeroPE Header Anomaly identified in 100% samples.,2,
956,36,FileItem,FileItem/PEInfo/DetectedAnomalies/string,string,checksum_is_zeroPE Header Anomaly identified in 100% samples.,2,
1021,38,FileItem,FileItem/PEInfo/DetectedAnomalies/string,string,checksum_is_zeroPE Header Anomaly identified in 100% samples.,2,
1084,40,FileItem,FileItem/PEInfo/DetectedAnomalies/string,string,checksum_is_zeroPE Header Anomaly identified in 100% samples.,2,
380,13,FileItem,FileItem/PEInfo/DetectedAnomalies/string,string,checksum_is_zero,2,
856,33,FileItem,FileItem/PEInfo/DetectedAnomalies/string,string,checksum_is_zero,2,
1082,40,FileItem,FileItem/FileName,string,cft.exe,0,
220,12,FileItem,FileItem/FileName,string,cfgmgr64.dll,0,
219,12,FileItem,FileItem/FileName,string,cfgbkmgrs.dll,0,
322,13,FileItem,FileItem/Md5sum,md5,cfce9478c880934b3548c3022a956e14hash for binary nwsapagent.dll,0,
321,13,FileItem,FileItem/Md5sum,md5,cfc6112254a69030521d0d2bba152d4dhash for binary lao.exe,0,
1010,38,FileItem,FileItem/Md5sum,md5,cf9c2d5a8fbdd1c5adc20cfc5e663c21,0,
1004,37,ProcessItem,ProcessItem/name,string,certmgr.exe,0,
204,12,FileItem,FileItem/FileName,string,cdlluninstallws64.dll,0,
203,12,FileItem,FileItem/FileName,string,cdlluninstallws32.dll,0,
206,12,FileItem,FileItem/FileName,string,cdlluninstallsgh64.dll,0,
205,12,FileItem,FileItem/FileName,string,cdlluninstallsgh32.dll ,0,
202,12,FileItem,FileItem/FileName,string,cdllait64.dll,0,
201,12,FileItem,FileItem/FileName,string,cdllait32.dll,0,
218,12,FileItem,FileItem/FileName,string,cdgext32.dll,0,
733,31,FileItem,FileItem/Md5sum,md5,cc3a9a7b026bfe0e55ff219fd6aa7d94,0,*
257,12,Network,Network/DNS,string,carrus.gotdns.com,0,
767,31,FileItem,FileItem/Md5sum,md5,ca68ccc887cfe5d2194f6a4d3101ae66,0,*
755,31,FileItem,FileItem/Md5sum,md5,c9f77569aa98f71cc42644d66d9f371c,0,*
1056,40,FileItem,FileItem/Md5sum,md5,c8d2b7f92fff545b3b19e9b1e1057071,0,*
1040,39,ServiceItem,ServiceItem/serviceDLLsha1sum,sha1,C8AC1B977D771C89ED7152F0DAEDB6A3E8B69B24,0,
320,13,FileItem,FileItem/Md5sum,md5,c425b8782075da33cba5aae5ad612582hash for binary Nwsapagent.dll,0,*
332,13,FileItem,FileItem/StringList/string,string,c2xlZXA=embedded string used for C2 commands,0,
726,31,FileItem,FileItem/Md5sum,md5,c2a79bb15a31fd6584d9bf0891673d14,0,*
1011,38,FileItem,FileItem/Md5sum,md5,c04c796ef126ad7429be7d55720fe392,0,*
217,12,FileItem,FileItem/FileName,string,c_57010.nls,1,*
216,12,FileItem,FileItem/FileName,string,c_57008.nls,1,*
215,12,FileItem,FileItem/FileName,string,c_57006.nls,1,*
214,12,FileItem,FileItem/FileName,string,c_57002.nls,1,*
213,12,FileItem,FileItem/FileName,string,c_51950.nls,1,*
212,12,FileItem,FileItem/FileName,string,c_51949.nls,1,*
211,12,FileItem,FileItem/FileName,string,c_51936.nls,1,*
210,12,FileItem,FileItem/FileName,string,c_51932.nls,1,*
209,12,FileItem,FileItem/FileName,string,c_50229.nls,1,*
208,12,FileItem,FileItem/FileName,string,c_50227.nls,1,*
207,12,FileItem,FileItem/FileName,string,c_50225.nls,1,*
89,5,FileItem,FileItem/FileName,string,c_1758.nls,1,*
984,37,FileItem,FileItem/FilePath,string,C:\WINDOWS\system32\wbem\,0,
393,14,RegistryItem,RegistryItem/Value,string,C:\Windows\System32\sethc.exe,2,*
980,37,RegistryItem,RegistryItem/Value,string,C:\Windows\System32\sethc.exe,2,*
177,11,FileItem,FileItem/FullPath,string,C:\Windows\System32\Drivers\{6AB5E732-DFA9-4618-AF1C-F0D9DEF0E222}.sys,0,
1001,37,FileItem,FileItem/FilePath,string,C:\WINDOWS\system32\drivers\,2,*
409,15,FileItem,FileItem/FilePath,string,C:\Windows\System32\drivers,2,*
892,35,FileItem,FileItem/FilePath,string,C:\Windows\System32\drivers,2,*
190,11,FileItem,FileItem/FilePath,string,C:\Windows\System32\,2,*
120,6,FileItem,FileItem/FilePath,string,C:\Windows\System32,2,*
389,14,FileItem,FileItem/FilePath,string,C:\Windows\System32,2,*
395,14,FileItem,FileItem/FilePath,string,C:\Windows\System32,2,*
976,37,FileItem,FileItem/FilePath,string,C:\Windows\System32,2,*
982,37,FileItem,FileItem/FilePath,string,C:\Windows\System32,2,*
150,6,FileItem,FileItem/FilePath,string,C:\Windows,2,*
880,35,FileItem,FileItem/FilePath,string,C:\Windows,2,*
158,8,FileItem,FileItem/FilePath,string,C:\RECYCLER\,0,
126,6,FileItem,FileItem/FilePath,string,C:\Program Files\Common Files\System\Ole DB\,0,
703,29,FileItem,FileItem/FilePath,string,C:\Documents and Settings\User\Application Data\JAVA,0,
534,20,FileItem,FileItem/FilePath,string,C:\Documents and Settings\Administrator\Application Data\,0,
2,0,FileItem,FileItem/FullPath,string,C:\Documents and Settings\%user%\Application Data\openssl\,0,
788,31,FileItem,FileItem/FileName,string,buildout.exe,0,
471,17,DnsEntryItem,DnsEntryItem/RecordName,string,buhenge.com,0,
33,0,Network,Network/DNS,string,Bourbon[.]servehttp.com,0,
35,0,DnsEntryItem,DnsEntryItem/RecordName,string,Bourbon[.]servehttp.com,0,
36,0,UrlHistoryItem,UrlHistoryItem/URL,string,Bourbon[.]servehttp.com,0,
508,18,ProcessItem,ProcessItem/StringList/string,string,botkiller,0,
578,23,ServiceItem,ServiceItem/name,string,BITS,0,
990,37,FileItem,FileItem/PEInfo/ResourceInfoList/ResourceInfoItem/Type,string,BIN,0,
319,13,FileItem,FileItem/Md5sum,md5,bfcae0468de0c7bcf92e9989589082f1hash for binary Nwsapagent.dll,0,
1065,40,FileItem,FileItem/Md5sum,md5,bf0ee4367ea32f8e3b911c304258e439,0,
904,35,DnsEntryItem,DnsEntryItem/RecordName,string,bestdumps.biz,0,
920,35,UrlHistoryItem,UrlHistoryItem/URL,string,bestdumps.biz,0,
681,29,FileItem,FileItem/Md5sum,md5,beb16ac99642f5c9382686fd8ee73e00,0,
101,6,Email,Email/From,string,beautifl@mail.bg,0,
951,36,FileItem,FileItem/Md5sum,md5,be58ff564c854be419a19a030af25c86,0,*
1051,40,FileItem,FileItem/Md5sum,md5,bdd2ad4c0e1e5667d117810ae9e36c4b,0,*
1060,40,FileItem,FileItem/Md5sum,md5,bca9bd0abbb31a422458abf521a6a2fb,0,*
155,8,FileItem,FileItem/Md5sum,md5,BC4E9DAD71B844DD3233CFBBB96C1BD3,0,*
623,24,ProcessItem,ProcessItem/HandleList/Handle/Name,string,BaseNamedObjects\Sm,0,
468,16,DnsEntryItem,DnsEntryItem/Host,string,Barber.faqserv.com,0,
876,35,FileItem,FileItem/PEInfo/VersionInfoList/VersionInfoItem/OriginalFilename,string,Baby.exe,0,
1009,38,FileItem,FileItem/Md5sum,md5,b9b3673a721578b230490f7dfc6df21e,0,*
318,13,FileItem,FileItem/Md5sum,md5,b7dba6184f07b1e824362a2307d91ae2hash for binary Nwsapagent.dll,0,*
769,31,FileItem,FileItem/Md5sum,md5,b743f6af7e307221ba425d6023ebe42c,0,*
76,4,FileItem,FileItem/Md5sum,md5,b54e91c234ec0e739ce429f47a317313,0,*
679,29,FileItem,FileItem/Md5sum,md5,b3830791b0a397bea2ad943d151f856b,0,*
317,13,FileItem,FileItem/Md5sum,md5,b36168ea438520875c621f5603db003fhash for binary iexplore.exe,0,*
100,6,ServiceItem,ServiceItem/serviceDLL,string,AUTO.DLL,0,
122,6,FileItem,FileItem/FileName,string,AUTO.DLL,0,
10,0,FileItem,FileItem/StringList/string,string,Authorization: Basic %s,0,
11,0,ProcessItem,ProcessItem/StringList/string,string,Authorization: Basic %s,0,
901,35,DnsEntryItem,DnsEntryItem/RecordName,string,ASDADDDDAAAA.COM,0,
902,35,UrlHistoryItem,UrlHistoryItem/URL,string,ASDADDDDAAAA.COM,0,
507,18,ProcessItem,ProcessItem/StringList/string,string,archive,0,
576,23,FileItem,FileItem/FileName,string,AppMgmt.dll,0,
584,23,RegistryItem,RegistryItem/Value,string,AppMgmt.dll,0,
577,23,ServiceItem,ServiceItem/name,string,AppMgmt,0,
170,9,FileItem,FileItem/FilePath,string,Application Data\,0,
502,18,FileItem,FileItem/FilePath,string,APPDATA/LOGS,0,
557,21,RegistryItem,RegistryItem/Text,string,Apartment,0,
458,15,ProcessItem,ProcessItem/HandleList/Handle/Name,string,AFX_Ideas_H_5B5F33E8_2175_4C23_BB38_A334CADD6B78,0,
1079,40,FileItem,FileItem/FileName,string,adress2.jpg,0,
1078,40,FileItem,FileItem/FileName,string,adress.jpg,0,
1020,38,FileItem,FileItem/FileName,string,adobere.exe,0,
967,36,RegistryItem,RegistryItem/ValueName,string,AdobeCom,1,*
602,24,FileItem,FileItem/FileName,string,adobearm.exe,1,*
1017,38,FileItem,FileItem/FileName,string,adobe_sl.exe,1,*
524,20,FileItem,FileItem/FileName,string,adobe.dll,1,*
770,31,FileItem,FileItem/PEInfo/VersionInfoList/VersionInfoItem/FileDescription,string,Adobe Acrobat Document,1,*
1006,37,ProcessItem,ProcessItem/arguments,string,-add GlobalSign.cer -c -s -r localMachineTrustedPublisher,0,
1005,37,ProcessItem,ProcessItem/arguments,string,-add GlobalSign.cer -c -s -r localMachine Root,0,
649,27,FileItem,FileItem/Md5sum,md5,adb62105427567ddc11124fc27921c40,0,*
316,13,FileItem,FileItem/Md5sum,md5,adb2fc194b960e694aa450161f1df6fchash for binary eventsystem.dll,0,*
647,27,FileItem,FileItem/Md5sum,md5,ad8cde8841208ff226e04e8514dc699c,0,*
601,24,FileItem,FileItem/FileName,string,acrod32.exe,0,
665,27,RegistryItem,RegistryItem/ValueName,string,AcrobatAPP,0,
645,26,FileItem,FileItem/StringList/string,string,Abrot,0,
315,13,FileItem,FileItem/Md5sum,md5,abff707cb54a6e5a9fcbb3fef74dbddchash for binary Nwsapagent.dll,0,*
741,31,FileItem,FileItem/Md5sum,md5,abe6ab89f957f6edf8f41b5ad198e5e6,0,*
1080,40,FileItem,FileItem/FileName,string,abc.gif,0,
734,31,FileItem,FileItem/Md5sum,md5,aa4f1ecc4d25b33395196b5d51a06790,0,*
700,29,FileItem,FileItem/Md5sum,md5,a9059c354e5025dfe4f1c0b8b57e4f62,0,*
754,31,FileItem,FileItem/Md5sum,md5,a8f259bb36e00d124963cfa9b86f502e,0,*
764,31,FileItem,FileItem/Md5sum,md5,a8b183fe32ad8d426e20227f3c8b7592,0,*
49,1,FileItem,FileItem/Md5sum,md5,a76419a2FCa12427C887895E12a3442B,0,*
520,19,FileItem,FileItem/Md5sum,md5,a6f14b547d9a7190a1f9f1c06f906063,0,*
1046,40,FileItem,FileItem/Md5sum,md5,a44312eb63de002383a57b5a93271cdc,0,*
314,13,FileItem,FileItem/Md5sum,md5,a360b16c19ab9dea6763f777257c5f38hash for binary nwsapagent.dll,0,*
749,31,FileItem,FileItem/Md5sum,md5,a354e3c566645100e757f3e43c9b007d,0,*
1063,40,FileItem,FileItem/Md5sum,md5,a2534e9b7e4146368ea3245381830eb0,0,*
1075,40,FileItem,FileItem/FileName,string,a.exe,0,
1041,39,ServiceItem,ServiceItem/serviceDLLsha256sum,sha256,9FD30BDA0EDF3B10B326703303FA15995A688D200582822EF49422EBAC87B7F7,0,
1047,40,FileItem,FileItem/Md5sum,md5,9f11bc08af048c5c3a110e567082fe0b,0,*
592,24,FileItem,FileItem/Md5sum,md5,9e30b1665077b7e65bc8ff1e7c752306,0,*
722,31,FileItem,FileItem/Md5sum,md5,9dab4da07ed669b44f409eb60f3b0e50,0,*
724,31,FileItem,FileItem/Md5sum,md5,9d75897d9c0a5da7e95082ea5ae1f648,0,*
751,31,FileItem,FileItem/Md5sum,md5,9d5aabcda9106132d1e1b6cf6cae28aa,0,*
768,31,FileItem,FileItem/Md5sum,md5,9ad292de00b2175a80b5909fa173cdcd,0,*
313,13,FileItem,FileItem/Md5sum,md5,99882234b814b860a22b4d441b92fd82hash for binary eventsystem.exe,0,*
690,29,PortItem,PortItem/remoteIP,IP,98.188.111.244,0,
312,13,FileItem,FileItem/Md5sum,md5,97c83d85bd76a38b13cea960a1a97f70hash for binary svchost.exe,0,
335,13,FileItem,FileItem/SizeInBytes,int,9728024fd07dbdacc7da227bede3449c2b6a 456d298649a7ec31a7250ed9312ebbaf 8c57b287a1d2140ccedd6cd097d62ded adb2fc194b960e694aa450161f1df6fc,0,
716,30,FileItem,FileItem/Md5sum,md5,95f2480423a4256537bfdfda0df85592,0,
311,13,FileItem,FileItem/Md5sum,md5,9548e5ed4fbacd0ed4a9d6a27f5d8fechash for binary Nwsapagent.dll,0,
945,35,DnsEntryItem,DnsEntryItem/RecordData/IPv4Address,IP,95.64.50.30,0,
463,16,PortItem,PortItem/remoteIP,IP,95.47.156.86,0,
944,35,DnsEntryItem,DnsEntryItem/RecordData/IPv4Address,IP,94.244.80.217,0,
1008,38,FileItem,FileItem/Md5sum,md5,929802a27737cebc59d19da724fdf30a,0,
340,13,FileItem,FileItem/SizeInBytes,int,92160fed203f3df6a82c9124f24aa3d9d75d 0fed203f3df6a82c9124f24aa3d9d75d 225e33508861984dd2a774760bfdfc52 99882234b814b860a22b4d441b92fd82,0,
688,29,PortItem,PortItem/remoteIP,IP,92.54.232.142,0,
435,15,PortItem,PortItem/remoteIP,IP,91.213.29.63,0,
841,33,FileItem,FileItem/Md5sum,md5,909bef6db8d33854e983ebccdd71419f,0,*
310,13,FileItem,FileItem/Md5sum,md5,8c57b287a1d2140ccedd6cd097d62dedhash for binary eventsystem.dll,0,*
629,26,FileItem,FileItem/Md5sum,md5,8845cb5b4e450cb10a3b6ca41a9b4319,0,*
516,19,FileItem,FileItem/Md5sum,md5,8844a537e7f533192ca8e81886e70fbc,0,*
759,31,FileItem,FileItem/Md5sum,md5,86a906db5686bbf487689937d15bf71a,0,*
650,27,FileItem,FileItem/Md5sum,md5,84b83d0e8682e89747eee6ad65e21832,0,*
594,24,FileItem,FileItem/Md5sum,md5,8462a62f13f92c34e4b89a7d13a185ad,0,*
590,24,FileItem,FileItem/Md5sum,md5,8412a3e37499f8289faf54546824ab61,0,*
675,29,FileItem,FileItem/Md5sum,md5,82d4850a02375a7447d2d0381b642a72,0,*
286,12,PortItem,PortItem/remoteIP,IP,82.208.40.11,0,
339,13,FileItem,FileItem/SizeInBytes,int,8192b36168ea438520875c621f5603db003f,0,
285,12,PortItem,PortItem/remoteIP,IP,81.0.233.15,0,
176,10,PortItem,PortItem/remoteIP,IP,80.241.223.128,0,
414,15,FileItem,FileItem/Md5sum,md5,7FEFDB83BB3881C8BC24C9B4B559C7CB,0,*
752,31,FileItem,FileItem/Md5sum,md5,7f26403f8e59a5f2728af2d3e0efaabb,0,*
950,36,FileItem,FileItem/Md5sum,md5,7a7a46e8fbc25a624d58e897dee04ffa,0,*
744,31,FileItem,FileItem/Md5sum,md5,7a670d13d4d014169c4080328b8feb86,0,*
398,15,FileItem,FileItem/Sha1sum,string,76D8BA7F29C2BB7343B45646573B252FB239C01B,0,
1049,40,FileItem,FileItem/Md5sum,md5,76c1b246703a10cb6e71a3e5b7b55b24,0,*
596,24,FileItem,FileItem/Md5sum,md5,75dad1ccabae8adeb5bae899d0c630f8,0,*
307,13,FileItem,FileItem/Md5sum,md5,75372eb37415140fa5464f1ebb8a0e74hash for binary ersv.dll,0,*
309,13,FileItem,FileItem/Md5sum,md5,75372eb37415140fa5464f1ebb8a0e74hash for binary ersv.dll,0,*
677,29,FileItem,FileItem/Md5sum,md5,75193fc10145931ec0788d7c88fc8832,0,*
284,12,PortItem,PortItem/remoteIP,IP,75.126.146.114,0,
288,12,PortItem,PortItem/remoteIP,IP,75.126.146.114,0,
418,15,FileItem,FileItem/Md5sum,md5,71763F1E7CF1C4E9FB46A849F30A8C43,0,*
753,31,FileItem,FileItem/Md5sum,md5,70e2827ab4af1a38dc09a02fa95b82fe,0,*
732,31,FileItem,FileItem/Md5sum,md5,70c10f8b4dcd01b07be6cfb4df0d3348,0,*
728,31,FileItem,FileItem/Md5sum,md5,6e9bedcf80f21171adb951a0d85d2adb,0,*
397,15,FileItem,FileItem/Md5sum,md5,6E62837DF7E6FC70824A666604A5A9E9,0,*
1012,38,FileItem,FileItem/Md5sum,md5,6b6c4c0e2959df248be90d89899953a9,0,*
306,13,FileItem,FileItem/Md5sum,md5,69dc1e1ee273e531e91c60eb86396cc8hash for binary svchost.exe,0,*
308,13,FileItem,FileItem/Md5sum,md5,69dc1e1ee273e531e91c60eb86396cc8hash for binary svchost.exe,0,*
1007,38,FileItem,FileItem/Md5sum,md5,68e5bff12ac33ecb98977afed51ebad0,0,*
74,4,FileItem,FileItem/Md5sum,md5,687424F0923dF9049CC3a56C685EB9a5,0,*
552,21,FileItem,FileItem/Md5sum,md5,67f62f5accfeacf5e828c3b3905248fe,0,*
305,13,FileItem,FileItem/Md5sum,md5,6510cee34da30c7ef5e5e39980402257hash for binary ersv.dll,0,*
174,10,FileItem,FileItem/Md5sum,md5,64a17f5177157bb8c4199d38c46ec93b,0,*
153,7,FileItem,FileItem/Md5sum,md5,6481118650bb34582537b06894c43837,0,*
304,13,FileItem,FileItem/Md5sum,md5,6461ea41f179e660c40ed65aee1a4a2dhash for binary svchost.exe,0,*
761,31,FileItem,FileItem/Md5sum,md5,63db2f4fd717723f0e6f94e0a6a62c7b,0,*
287,12,PortItem,PortItem/remoteIP,IP,62.149.227.3,0,
528,20,PortItem,PortItem/remoteIP,IP,61.132.74.68,0,
740,31,FileItem,FileItem/Md5sum,md5,6040dd5b603483f738be6a02a63538f2,0,*
386,13,FileItem,FileItem/PEInfo/Exports/NumberOfFunctions,int,5This File Export set is found in about 50% of the y21k family of malware,0,
1057,40,FileItem,FileItem/Md5sum,md5,5bcaa2f4bc7567f6ffd5507a161e221a,0,*
1013,38,FileItem,FileItem/Md5sum,md5,5ae0efccce47ea16bcc61e4003c1c57f,0,*
1059,40,FileItem,FileItem/Md5sum,md5,59620925bf1c4f760c4bf225c7efd6c0,0,*
527,20,PortItem,PortItem/remoteIP,IP,59.188.196.183,0,
696,29,PortItem,PortItem/remoteIP,IP,59.0.249.11,0,
303,13,FileItem,FileItem/Md5sum,md5,580a4c05982accc678a72c366b45815dhash for binary iexplore.exe,0,*
738,31,FileItem,FileItem/Md5sum,md5,57cbf78c226265cc1e61ad86779bf906,0,*
591,24,FileItem,FileItem/Md5sum,md5,56de2854ef64d869b5df7af5e4effe3e,0,*
338,13,FileItem,FileItem/SizeInBytes,int,56326461ea41f179e660c40ed65aee1a4a2d da5ff7927d608d7ccc7495939d457bd3,0,
302,13,FileItem,FileItem/Md5sum,md5,5613e6d7111b327307c02bec1701ac3fhash for binary iexplore.exe,0,*
598,24,FileItem,FileItem/Md5sum,md5,54d5d171a482278cc8eacf08d9175fd7,0,*
64,3,FileItem,FileItem/Md5sum,md5,544FCa6EB8181F163E2768C81F2Ba0B3,0,*
680,29,FileItem,FileItem/Md5sum,md5,5340fcfb3d2fa263c280e9659d13ba93,0,*
406,15,FileItem,FileItem/Md5sum,md5,4FC3250DB737749E13BA397E40BDA088,0,*
727,31,FileItem,FileItem/Md5sum,md5,4e1a92036a577a87a6fa36168d192c4b,0,*
301,13,FileItem,FileItem/Md5sum,md5,4cd3bed14aaffcf61f4d2948484c4c90hash for binary vediosrv.dll,0,*
300,13,FileItem,FileItem/Md5sum,md5,4cabfaef26fd8e5aec01d0c4b90a32f3hash for binary IPRIPP.DLL,0,*
743,31,FileItem,FileItem/Md5sum,md5,4c9c9dbf388a8d81d8cfb4d3fc05f8e4,0,*
682,29,FileItem,FileItem/Md5sum,md5,4c703a8cfeded7f889872a86fb7c70cf,0,*
701,29,FileItem,FileItem/Md5sum,md5,4c703a8cfeded7f889872a86fb7c70cf,0,*
597,24,FileItem,FileItem/Md5sum,md5,4b19a2a6d40a5825e868c6ef25ae445e,0,*
725,31,FileItem,FileItem/Md5sum,md5,496f04719a365f9718919002eff5748b,0,*
943,35,DnsEntryItem,DnsEntryItem/RecordData/IPv4Address,IP,46.252.131.9,1,*
942,35,DnsEntryItem,DnsEntryItem/RecordData/IPv4Address,IP,46.252.131.7,1,*
941,35,DnsEntryItem,DnsEntryItem/RecordData/IPv4Address,IP,46.252.131.5,1,*
940,35,DnsEntryItem,DnsEntryItem/RecordData/IPv4Address,IP,46.252.130.150,1,*
939,35,DnsEntryItem,DnsEntryItem/RecordData/IPv4Address,IP,46.252.130.141,1,*
938,35,DnsEntryItem,DnsEntryItem/RecordData/IPv4Address,IP,46.108.225.72,1,*
937,35,DnsEntryItem,DnsEntryItem/RecordData/IPv4Address,IP,46.108.225.60,1,*
936,35,DnsEntryItem,DnsEntryItem/RecordData/IPv4Address,IP,46.108.225.57,1,*
299,13,FileItem,FileItem/Md5sum,md5,456d298649a7ec31a7250ed9312ebbafhash for binary wauserv.dll,0,*
1058,40,FileItem,FileItem/Md5sum,md5,438983192903f3fecf77500a39459ee6,0,*
30,0,FileItem,FileItem/Md5sum,md5,40F4809C962F80B7B2835A90772C0434,0,*
1042,40,FileItem,FileItem/Md5sum,md5,3fc26910f9c31bd9ba3ccb09132d9ca3,0,*
517,19,FileItem,FileItem/Md5sum,md5,3e5ac6bbf108feec97e1cc36560ab0b6,0,*
742,31,FileItem,FileItem/Md5sum,md5,3e3e6fe1a8c6ffc00a9c644997a4f7a1,0,*
757,31,FileItem,FileItem/Md5sum,md5,3de60420845a582b0e44081b1138a7e4,0,*
630,26,FileItem,FileItem/Md5sum,md5,3de1bd0f2107198931177b2b23877df4,0,*
736,31,FileItem,FileItem/Md5sum,md5,3d573866620eae070a220be89e113f69,0,*
298,13,FileItem,FileItem/Md5sum,md5,3d0c1dc5ac55f6d0e6b7fabfeb5158f5hash for binary Nwsapagent.dll,0,*
766,31,FileItem,FileItem/Md5sum,md5,39e28f48c138dc156d1436fd02222e45,0,*
347,13,FileItem,FileItem/SizeInBytes,int,384005613e6d7111b327307c02bec1701ac3f 580a4c05982accc678a72c366b45815d 97c83d85bd76a38b13cea960a1a97f70,0,
730,31,FileItem,FileItem/Md5sum,md5,37ddd3d72ead03c7518f5d47650c8572,0,*
283,12,PortItem,PortItem/remoteIP,IP,37.235.63.127,0,
745,31,FileItem,FileItem/Md5sum,md5,36d5c8fc4b14559f73b6136d85b94198,0,*
842,33,FileItem,FileItem/Md5sum,md5,36ca55556280f715e2de8b4b997a26c9,0,*
599,24,FileItem,FileItem/Md5sum,md5,36a7c3a6460c98e161e1005c925da0b2,0,*
715,30,FileItem,FileItem/Md5sum,md5,364ff454dcf00420cff13a57bcb78467,0,*
84,5,Network,Network/DNS,string,360.homeunix.com,0,
93,5,RegistryItem,RegistryItem/Value,string,36 00 74 00 6F 00 34 00 00 00 41 00 75 00 64 00 69 00 6F 00 53 00 72 00 76 00 00 00 42 00 72 00 6F 00 77 00 73 00 65 00 72 00 00 00 43 00 72 00 79 00 70 00 74 00 53 00 76 00 63 00 00 00 44 00 4D 00 53 00 65 00 72 00 76 00 65 00 72 00 00 00 44 00 48 00 43 00 5,0,
297,13,FileItem,FileItem/Md5sum,md5,335df3ffb8cee61c20ab91a401204df4hash for binary svchost.exe,0,*
756,31,FileItem,FileItem/Md5sum,md5,328c3ebb2fd2e170483e8d51ccc6c505,0,*
20,0,FileItem,FileItem/StringList/string,string,3.e,0,
21,0,ProcessItem,ProcessItem/StringList/string,string,3.e,0,
747,31,FileItem,FileItem/Md5sum,md5,2b659d71ae168e774faaf38db30f4a84,0,*
758,31,FileItem,FileItem/Md5sum,md5,2a4604fcae876dee445de5ad74fd7835,0,*
31,0,ProcessItem,ProcessItem/SectionList/MemorySection/Md5sum,md5,29C2D8DDFFF87C8FE2219C1419621048,0,
296,13,FileItem,FileItem/Md5sum,md5,28dbd86bd86eb9153ecb20d883c41ae0hash for binary Nwsapagent.dll,0,*
46,0,FileItem,FileItem/Md5sum,md5,285DCD22D0925CA04015cBD83CB32B83,0,*
1052,40,FileItem,FileItem/Md5sum,md5,277f95bff2e0fe317f86b5010bd83a18,0,*
737,31,FileItem,FileItem/Md5sum,md5,2762fb36161086f7ef3f33232aa790dc,0,*
295,13,FileItem,FileItem/Md5sum,md5,255cd53f9bdb6f3755e621885cb34382hash for binary Nwsapagent.dll,0,*
887,35,FileItem,FileItem/PEInfo/VersionInfoList/VersionInfoItem/FileVersion,string,"25, 34, 66, 19",0,
294,13,FileItem,FileItem/Md5sum,md5,2479a9a50308cb72fcd5e4e18ef06468hash for binary eventsystem.dll,0,
346,13,FileItem,FileItem/SizeInBytes,int,240644cabfaef26fd8e5aec01d0c4b90a32f3 cfce9478c880934b3548c3022a956e14 ea8b6c2c083d6b7b2b6ebc015b0488ca fefa3638e4d6f2e00b5194ae3fa0c931,0,
63,2,PortItem,PortItem/remoteIP,IP,23.99.20.198,0,
750,31,FileItem,FileItem/Md5sum,md5,22aa55134d621672e93c6de928c8b122,0,*
748,31,FileItem,FileItem/Md5sum,md5,2272791cadf422ce02a117a3a857f84e,0,*
293,13,FileItem,FileItem/Md5sum,md5,225e33508861984dd2a774760bfdfc52hash for binary iexplore.exe,0,*
948,35,DnsEntryItem,DnsEntryItem/RecordData/IPv4Address,IP,223.25.242.196,0,
947,35,DnsEntryItem,DnsEntryItem/RecordData/IPv4Address,IP,223.25.242.107,0,
282,12,PortItem,PortItem/remoteIP,IP,223.25.232.161,0,
525,20,PortItem,PortItem/remoteIP,IP,221.6.135.123,0,
1044,40,FileItem,FileItem/Md5sum,md5,2198fea94bb79b001fcfd3e03b269001,0,*
588,23,PortItem,PortItem/remoteIP,IP,219.90.117.132,0,
500,18,Network,Network/String,string,21232f297a57a5a743894a0e4a801fc3,0,
433,15,PortItem,PortItem/remoteIP,IP,212.36.9.52,0,
698,29,PortItem,PortItem/remoteIP,IP,211.53.164.152,0,
281,12,PortItem,PortItem/remoteIP,IP,210.48.153.236,0,
739,31,FileItem,FileItem/Md5sum,md5,20e2c8c7a98ddd4c16f6e878194c1e78,0,
280,12,PortItem,PortItem/remoteIP,IP,202.75.58.153,0,
279,12,PortItem,PortItem/remoteIP,IP,202.75.56.231,0,
278,12,PortItem,PortItem/remoteIP,IP,202.75.56.123,0,
277,12,PortItem,PortItem/remoteIP,IP,202.150.214.50,0,
276,12,PortItem,PortItem/remoteIP,IP,202.150.211.102,0,
404,15,FileItem,FileItem/PEInfo/PETimeStamp,date,2013-06-08T09:01:57Z,0,
408,15,FileItem,FileItem/PEInfo/PETimeStamp,date,2013-06-08T09:01:45Z,0,
1032,38,FileItem,FileItem/PEInfo/PETimeStamp,date,2012-10-16T09:32:33Z,0,
1031,38,FileItem,FileItem/PEInfo/PETimeStamp,date,2012-08-24T14:13:12Z,0,
1030,38,FileItem,FileItem/PEInfo/PETimeStamp,date,2012-08-20T14:06:56Z,0,
1029,38,FileItem,FileItem/PEInfo/PETimeStamp,date,2012-08-20T12:59:08Z,0,
1028,38,FileItem,FileItem/PEInfo/PETimeStamp,date,2012-08-20T12:56:12Z,0,
641,26,FileItem,FileItem/PEInfo/PETimeStamp,date,2012-05-31T08:26:57Z,0,
960,36,FileItem,FileItem/PEInfo/PETimeStamp,date,2012-03-16T07:10:50Z,0,
1103,40,FileItem,FileItem/PEInfo/PETimeStamp,date,2012-02-28T11:48:43Z,0,
621,24,FileItem,FileItem/PEInfo/PETimeStamp,date,2012-01-20T03:14:28Z,0,
818,31,FileItem,FileItem/PEInfo/PETimeStamp,date,2011-12-12T13:34:30Z,0,
986,37,FileItem,FileItem/PEInfo/PETimeStamp,date,2011-11-02T08:18:28Z,0,
620,24,FileItem,FileItem/PEInfo/PETimeStamp,date,2011-09-20T01:17:47Z,0,
817,31,FileItem,FileItem/PEInfo/PETimeStamp,date,2011-09-16T08:46:55Z,0,
619,24,FileItem,FileItem/PEInfo/PETimeStamp,date,2011-09-06T12:37:01Z,0,
816,31,FileItem,FileItem/PEInfo/PETimeStamp,date,2011-08-19T03:07:37Z,0,
640,26,FileItem,FileItem/PEInfo/PETimeStamp,date,2011-08-16T09:05:19Z,0,
815,31,FileItem,FileItem/PEInfo/PETimeStamp,date,2011-08-15T09:26:15Z,0,
814,31,FileItem,FileItem/PEInfo/PETimeStamp,date,2011-08-11T13:15:49Z,0,
813,31,FileItem,FileItem/PEInfo/PETimeStamp,date,2011-08-09T08:18:19Z,0,
812,31,FileItem,FileItem/PEInfo/PETimeStamp,date,2011-08-09T08:15:29Z,0,
811,31,FileItem,FileItem/PEInfo/PETimeStamp,date,2011-08-09T07:30:17Z,0,
810,31,FileItem,FileItem/PEInfo/PETimeStamp,date,2011-07-29T07:10:31Z,0,
809,31,FileItem,FileItem/PEInfo/PETimeStamp,date,2011-07-01T08:23:45Z,0,
351,13,FileItem,FileItem/PEInfo/PETimeStamp,date,2011-06-15T09:43:38Z0fed203f3df6a82c9124f24aa3d9d75d,0,
355,13,FileItem,FileItem/PEInfo/PETimeStamp,date,2011-06-03T03:13:08Z335df3ffb8cee61c20ab91a401204df4,0,
808,31,FileItem,FileItem/PEInfo/PETimeStamp,date,2011-05-30T08:29:29Z,0,
807,31,FileItem,FileItem/PEInfo/PETimeStamp,date,2011-05-30T03:27:33Z,0,
806,31,FileItem,FileItem/PEInfo/PETimeStamp,date,2011-05-30T01:30:24Z,0,
642,26,FileItem,FileItem/PEInfo/PETimeStamp,date,2011-05-28T16:04:29Z,0,
1102,40,FileItem,FileItem/PEInfo/PETimeStamp,date,2011-04-21T16:30:21Z,0,
618,24,FileItem,FileItem/PEInfo/PETimeStamp,date,2011-03-29T08:40:16Z,0,
359,13,FileItem,FileItem/PEInfo/PETimeStamp,date,2011-03-16T03:27:48Z5613e6d7111b327307c02bec1701ac3f 580a4c05982accc678a72c366b45815d,0,
358,13,FileItem,FileItem/PEInfo/PETimeStamp,date,2011-02-24T09:37:56Z4cd3bed14aaffcf61f4d2948484c4c90,0,
1036,38,FileItem,FileItem/StringList/string,string,2010QBP,0,
1101,40,FileItem,FileItem/PEInfo/PETimeStamp,date,2010-12-06T00:38:26Z,0,
362,13,FileItem,FileItem/PEInfo/PETimeStamp,date,2010-11-22T12:38:38Z69dc1e1ee273e531e91c60eb86396cc8 97c83d85bd76a38b13cea960a1a97f70,0,
1033,38,FileItem,FileItem/PEInfo/PETimeStamp,date,2010-11-16T13:02:51Z,0,
1027,38,FileItem,FileItem/PEInfo/PETimeStamp,date,2010-11-16T13:02:48Z,0,
365,13,FileItem,FileItem/PEInfo/PETimeStamp,date,2010-10-11T08:17:47Zfefa3638e4d6f2e00b5194ae3fa0c931,0,
805,31,FileItem,FileItem/PEInfo/PETimeStamp,date,2010-09-28T08:09:41Z,0,
357,13,FileItem,FileItem/PEInfo/PETimeStamp,date,2010-09-28T01:00:25Z4cabfaef26fd8e5aec01d0c4b90a32f3 cfce9478c880934b3548c3022a956e14 ea8b6c2c083d6b7b2b6ebc015b0488ca,0,
1100,40,FileItem,FileItem/PEInfo/PETimeStamp,date,2010-09-19T08:34:11Z,0,
1099,40,FileItem,FileItem/PEInfo/PETimeStamp,date,2010-09-19T08:33:34Z,0,
804,31,FileItem,FileItem/PEInfo/PETimeStamp,date,2010-08-27T01:55:04Z,0,
1098,40,FileItem,FileItem/PEInfo/PETimeStamp,date,2010-08-04T02:47:55Z,0,
1097,40,FileItem,FileItem/PEInfo/PETimeStamp,date,2010-06-29T00:31:41Z,0,
617,24,FileItem,FileItem/PEInfo/PETimeStamp,date,2010-06-25T09:26:47Z,0,
350,13,FileItem,FileItem/PEInfo/PETimeStamp,date,2010-05-17T01:04:15Z0fed203f3df6a82c9124f24aa3d9d75d,0,
567,21,FileItem,FileItem/PEInfo/PETimeStamp,date,2010-05-06T13:11:39Z,0,
616,24,FileItem,FileItem/PEInfo/PETimeStamp,date,2010-03-15T12:47:10Z,0,
1096,40,FileItem,FileItem/PEInfo/PETimeStamp,date,2009-11-11T06:33:02Z,0,
1095,40,FileItem,FileItem/PEInfo/PETimeStamp,date,2009-10-27T07:23:52Z,0,
364,13,FileItem,FileItem/PEInfo/PETimeStamp,date,2009-09-25T08:39:16Zcfc6112254a69030521d0d2bba152d4d,0,
361,13,FileItem,FileItem/PEInfo/PETimeStamp,date,2009-07-20T06:57:31Z6510cee34da30c7ef5e5e39980402257 75372eb37415140fa5464f1ebb8a0e74 f3b54c188185ee0921848b3a6ad4751e,0,
1094,40,FileItem,FileItem/PEInfo/PETimeStamp,date,2009-07-02T07:45:46Z,0,
354,13,FileItem,FileItem/PEInfo/PETimeStamp,date,2009-06-16T01:00:08Z255cd53f9bdb6f3755e621885cb34382 abff707cb54a6e5a9fcbb3fef74dbddc b7dba6184f07b1e824362a2307d91ae2 d60ee4a39667a733c075bb7f7b36285a 3d0c1dc5ac55f6d0e6b7fabfeb5158f5 a360b16c19ab9dea6763f777257c5f38,0,
615,24,FileItem,FileItem/PEInfo/PETimeStamp,date,2009-06-11T09:35:04Z,0,
662,27,FileItem,FileItem/PEInfo/PETimeStamp,date,2009-05-25T07:58:16Z,0,
349,13,FileItem,FileItem/PEInfo/PETimeStamp,date,2009-03-31T15:46:00Z0df42947e167cd006b176d305c08d57e,0,
661,27,FileItem,FileItem/PEInfo/PETimeStamp,date,2009-03-16T13:30:51Z,0,
614,24,FileItem,FileItem/PEInfo/PETimeStamp,date,2009-03-06T14:10:18Z,0,
660,27,FileItem,FileItem/PEInfo/PETimeStamp,date,2008-12-08T01:22:53Z,0,
659,27,FileItem,FileItem/PEInfo/PETimeStamp,date,2008-10-31T03:49:45Z,0,
352,13,FileItem,FileItem/PEInfo/PETimeStamp,date,2008-08-27T08:41:19Z225e33508861984dd2a774760bfdfc52 99882234b814b860a22b4d441b92fd82,0,
360,13,FileItem,FileItem/PEInfo/PETimeStamp,date,2008-08-11T00:24:48Z6461ea41f179e660c40ed65aee1a4a2d da5ff7927d608d7ccc7495939d457bd3,0,
353,13,FileItem,FileItem/PEInfo/PETimeStamp,date,2008-03-12T12:39:30Z2479a9a50308cb72fcd5e4e18ef06468 28dbd86bd86eb9153ecb20d883c41ae0 9548e5ed4fbacd0ed4a9d6a27f5d8fec bfcae0468de0c7bcf92e9989589082f1 c425b8782075da33cba5aae5ad612582 fade2270a6c7cb47893ac600a9a0509f,0,
356,13,FileItem,FileItem/PEInfo/PETimeStamp,date,2007-12-14T01:09:51Z456d298649a7ec31a7250ed9312ebbaf,0,
363,13,FileItem,FileItem/PEInfo/PETimeStamp,date,2007-09-18T00:05:50Zb36168ea438520875c621f5603db003f,0,
613,24,FileItem,FileItem/PEInfo/PETimeStamp,date,2007-09-17T09:21:03Z,0,
348,13,FileItem,FileItem/PEInfo/PETimeStamp,date,2007-07-13T07:46:05Z024fd07dbdacc7da227bede3449c2b6a 8c57b287a1d2140ccedd6cd097d62ded adb2fc194b960e694aa450161f1df6fc,0,
850,33,FileItem,FileItem/PEInfo/PETimeStamp,date,2005-08-18T09:17:08Z,0,
852,33,FileItem,FileItem/PEInfo/PETimeStamp,date,2005-01-05T01:38:19Z,0,
849,33,FileItem,FileItem/PEInfo/PETimeStamp,date,2005-01-05T01:38:18Z,0,
687,29,PortItem,PortItem/remoteIP,IP,200.42.69.140,0,
686,29,PortItem,PortItem/remoteIP,IP,200.27.173.58,0,
275,12,PortItem,PortItem/remoteIP,IP,200.122.160.25,0,
624,24,ProcessItem,ProcessItem/HandleList/Handle/Name,string,1qasw2,0,
292,13,FileItem,FileItem/Md5sum,md5,1f9b32bac55ba4c015181ebf55767752hash for binary svchost.exe,0,
402,15,FileItem,FileItem/Md5sum,md5,1E85F9CF6791ECC368C511BE757F37AF,0,
683,29,FileItem,FileItem/Md5sum,md5,1ce47f76fca26b94b0b1d74610a734a4,0,
1053,40,FileItem,FileItem/Md5sum,md5,1aea4d24f3bd2c51288ad643fc66e0d2,0,
693,29,PortItem,PortItem/remoteIP,IP,198.209.212.82,0,*ip
274,12,PortItem,PortItem/remoteIP,IP,196.40.84.94,0,
695,29,PortItem,PortItem/remoteIP,IP,196.1.99.15,0,
903,35,DnsEntryItem,DnsEntryItem/RecordData/IPv4Address,IP,195.3.145.87,0,
949,35,DnsEntryItem,DnsEntryItem/RecordData/IPv4Address,IP,195.3.145.87,0,
432,15,PortItem,PortItem/remoteIP,IP,195.3.145.111,0,
697,29,PortItem,PortItem/remoteIP,IP,190.16.246.129,0,
273,12,PortItem,PortItem/remoteIP,IP,190.105.232.46,0,
272,12,PortItem,PortItem/remoteIP,IP,190.10.9.209,0,
439,15,PortItem,PortItem/remoteIP,IP,188.95.52.162,0,
34,0,DnsEntryItem,DnsEntryItem/RecordData/IPv4Address,IP,182.71.13.5,0,
345,13,FileItem,FileItem/SizeInBytes,int,174086510cee34da30c7ef5e5e39980402257 75372eb37415140fa5464f1ebb8a0e74 f3b54c188185ee0921848b3a6ad4751e,0,
344,13,FileItem,FileItem/SizeInBytes,int,16896335df3ffb8cee61c20ab91a401204df4 69dc1e1ee273e531e91c60eb86396cc8,0,
464,16,PortItem,PortItem/remoteIP,IP,162.243.6.98,0,
465,16,PortItem,PortItem/remoteIP,IP,160.202.163.78,0,
595,24,FileItem,FileItem/Md5sum,md5,15d1330be5e27f6f51d011b0575ffa05,0,*
632,26,FileItem,FileItem/Md5sum,md5,15a33f8fe11b94bdd38bff651f6a5cd1,0,*
343,13,FileItem,FileItem/SizeInBytes,int,153604cd3bed14aaffcf61f4d2948484c4c90,0,
342,13,FileItem,FileItem/SizeInBytes,int,143360fed203f3df6a82c9124f24aa3d9d75d cfc6112254a69030521d0d2bba152d4d,0,
694,29,PortItem,PortItem/remoteIP,IP,143.89.47.132,0,
692,29,PortItem,PortItem/remoteIP,IP,143.89.145.156,0,
735,31,FileItem,FileItem/Md5sum,md5,1415eb8519d13328091cc5c76a624e3d,0,*
946,35,DnsEntryItem,DnsEntryItem/RecordData/IPv4Address,IP,141.136.16.100,0,
760,31,FileItem,FileItem/Md5sum,md5,13835f0d5aafbeda50560afc92c8b7b7,0,*
337,13,FileItem,FileItem/SizeInBytes,int,138240fed203f3df6a82c9124f24aa3d9d75d 255cd53f9bdb6f3755e621885cb34382 3d0c1dc5ac55f6d0e6b7fabfeb5158f5 a360b16c19ab9dea6763f777257c5f38 abff707cb54a6e5a9fcbb3fef74dbddc b7dba6184f07b1e824362a2307d91ae2 d60ee4a39667a733c075bb7f7b36285a,0,
32,0,ProcessItem,ProcessItem/SectionList/MemorySection/Md5sum,md5,1353D14F37E18570144FDF72F10CEF74,0,
341,13,FileItem,FileItem/SizeInBytes,int,133122479a9a50308cb72fcd5e4e18ef06468 28dbd86bd86eb9153ecb20d883c41ae0 9548e5ed4fbacd0ed4a9d6a27f5d8fec bfcae0468de0c7bcf92e9989589082f1 c425b8782075da33cba5aae5ad612582 fade2270a6c7cb47893ac600a9a0509f,0,
689,29,PortItem,PortItem/remoteIP,IP,133.87.242.63,0,
1055,40,FileItem,FileItem/Md5sum,md5,129c6cd9d2aa895cf6fa137fa1d3a188,0,*
425,15,FileItem,FileItem/FileName,string,111.bin,1,*
424,15,FileItem,FileItem/FileName,string,110.bin,1,*
423,15,FileItem,FileItem/FileName,string,109.bin,1,*
462,16,PortItem,PortItem/remoteIP,IP,109.248.222.85,0,
461,16,PortItem,PortItem/remoteIP,IP,109.237.111.175,0,
460,16,PortItem,PortItem/remoteIP,IP,109.237.108.202,0,
422,15,FileItem,FileItem/FileName,string,108.bin,0,
336,13,FileItem,FileItem/SizeInBytes,int,107520df42947e167cd006b176d305c08d57e,0,
400,15,FileItem,FileItem/FileName,string,107.bin,1,*
421,15,FileItem,FileItem/FileName,string,107.bin,1,*
62,2,PortItem,PortItem/remoteIP,IP,107.20.255.57,0,
593,24,FileItem,FileItem/Md5sum,md5,106338ad223b84fbc2528a55e3e22302,0,*
420,15,FileItem,FileItem/FileName,string,106.bin,1,*
396,15,FileItem,FileItem/FileName,string,105.bin,1,*
417,15,FileItem,FileItem/FileName,string,104.bin,1,*
416,15,FileItem,FileItem/FileName,string,103.bin,1,*
486,17,PortItem,PortItem/remoteIP,IP,103.41.124.,0,
488,17,PortItem,PortItem/remoteIP,IP,103.25.9.229,0,
487,17,PortItem,PortItem/remoteIP,IP,103.25.9.228,0,
459,16,PortItem,PortItem/remoteIP,IP,103.208.86.129,0,
430,15,PortItem,PortItem/remoteIP,IP,103.20.22.25,0,
451,15,PortItem,PortItem/remoteIP,IP,103.20.22.25,0,
413,15,FileItem,FileItem/FileName,string,102.bin,1,*
410,15,FileItem,FileItem/FileName,string,101.bin,1,*
787,31,FileItem,FileItem/FileName,string,1.jpeg,0,
291,13,FileItem,FileItem/Md5sum,md5,0fed203f3df6a82c9124f24aa3d9d75dhash for binary Nwsapagent.dll,0,*
600,24,FileItem,FileItem/Md5sum,md5,0fbdc6e3f79063a4773d4872fa1f15d1,0,*
1062,40,FileItem,FileItem/Md5sum,md5,0e84132e5ad04351b644b8d8743fc4d3,0,*
289,13,FileItem,FileItem/Md5sum,md5,0df42947e167cd006b176d305c08d57ehash for binary microsoft.dll,0,*
717,30,FileItem,FileItem/Md5sum,md5,075b6695ab63f36af65f7ffd45cccd39,0,*
515,19,FileItem,FileItem/Md5sum,md5,067681b79756156ba26c12bc36bf835c,0,*
763,31,FileItem,FileItem/Md5sum,md5,0588ffa0a244a2c4431c5c4faac60b1f,0,*
1064,40,FileItem,FileItem/Md5sum,md5,04f481d6710ac5d68d0eacac2600a041,0,*
718,30,FileItem,FileItem/Md5sum,md5,02c7cf55fd5c5809ce2dce56085ba437,0,*
290,13,FileItem,FileItem/Md5sum,md5,024fd07dbdacc7da227bede3449c2b6ahash for binary eventsystem.dll,0,*
723,31,FileItem,FileItem/Md5sum,md5,0149b7bd7218aab4e257d28469fddb0d,0,*
781,31,FileItem,FileItem/FullPath,string,\Windows\wscntfy.exe,0,
779,31,FileItem,FileItem/FullPath,string,\Windows\inetinfo.exe,0,
780,31,FileItem,FileItem/FullPath,string,\Windows\fxsst.dll,0,
1016,38,FileItem,FileItem/FullPath,string,\Temp\~hf~,0,
1014,38,FileItem,FileItem/FullPath,string,\Temp\~df~,0,
91,5,RegistryItem,RegistryItem/KeyPath,string,\SYSTEM\CurrentControlSet\Services\RaS,0,
583,23,RegistryItem,RegistryItem/Path,string,\SYSTEM\ControlSet\Services\AppMgmt\Parameters\,0,
542,20,FileItem,FileItem/FilePath,string,\system\,0,
1015,38,FileItem,FileItem/FullPath,string,\start menu\programs\startup\adobe_sl.exe,0,
94,5,RegistryItem,RegistryItem/KeyPath,string,"\Software\Sun\1.1.2\""IsoTp""",0,
95,5,RegistryItem,RegistryItem/KeyPath,string,"\Software\Sun\1.1.2\""AppleTlk""",0,
1034,38,RegistryItem,RegistryItem/Path,string,\Software\Microsoft\Windows\CurrrentVersion\Run\AutoUpdate,2,*
172,9,RegistryItem,RegistryItem/KeyPath,string,"\Software\Microsoft\Windows\CurrentVersion\Run\""ServiceEXE""",2,*
545,20,RegistryItem,RegistryItem/KeyPath,string,\Software\Microsoft\Windows\CurrentVersion\Run\,2,
710,29,RegistryItem,RegistryItem/KeyPath,string,\Software\Microsoft\Windows\CurrentVersion\Run,2,
92,5,RegistryItem,RegistryItem/KeyPath,string,"\SOFTWARE\Microsoft\Windows NT\CurrentVersion\SvcHost\""netsvcs""",0,
392,14,RegistryItem,RegistryItem/KeyPath,string,\SOFTWARE\Microsoft\Windows NT\CurrentVersion\Image File Execution Options\sethc.ece,2,
979,37,RegistryItem,RegistryItem/KeyPath,string,\SOFTWARE\Microsoft\Windows NT\CurrentVersion\Image File Execution Options\sethc.ece,2,
1109,40,RegistryItem,RegistryItem/Path,string,\services\devfs\dependondeviceregistry entries created by some variants,0,
540,20,FileItem,FileItem/FilePath,string,\RECYCLER\,0,
244,12,FileItem,FileItem/FullPath,string,\microsoft\shmgr.dll,0,
243,12,FileItem,FileItem/FullPath,string,\microsoft\objframe.dll,0,
242,12,FileItem,FileItem/FullPath,string,\microsoft\c_27803.nls,0,
224,12,FileItem,FileItem/FullPath,string,\drivers\wmimgr.sys,0,
196,11,DriverItem,DriverItem/DeviceItem/AttachedDeviceName,string,\Driver\Tcpip\Device\Udp,0,
195,11,DriverItem,DriverItem/DeviceItem/AttachedDeviceName,string,\Driver\Tcpip\Device\Tcp,0,
197,11,DriverItem,DriverItem/DeviceItem/AttachedDeviceName,string,\Driver\Tcpip\Device\RawIp,0,
194,11,DriverItem,DriverItem/DeviceItem/AttachedDeviceName,string,\Driver\Tcpip\Device\Ip,0,
669,28,FileItem,FileItem/FilePath,string,\Documents and Settings\All Users\Application Data\MicroTemp\,0,
869,34,FileItem,FileItem/FilePath,string,\dllcache\,0,
536,20,FileItem,FileItem/FilePath,string,\Application Data\Microsoft\Internet Explorer\,0,
549,20,FileItem,FileItem/FilePath,string,\Application Data\,0,
711,29,RegistryItem,RegistryItem/Value,string,\\User\\Application Data\\JAVA\\JavaSvc.exe,0,
18,0,FileItem,FileItem/StringList/string,string,\/*<>|,0,
19,0,ProcessItem,ProcessItem/StringList/string,string,\/*<>|,0,
240,12,FileItem,FileItem/FileName,string,~DFA0528CD81300F372.tmp,0,
241,12,FileItem,FileItem/FileName,string,~DF8471938479DA49221.tmp,0,
239,12,FileItem,FileItem/FileName,string,~DF23BF45A473C42B56.tmp,0,
238,12,FileItem,FileItem/FileName,string,~DF01AC74D8BE15EE01.tmp,0,
559,21,RegistryItem,RegistryItem/Text,string,{B02DAAF7-C679-4D00-9805-BE94D23B3B99},0,
560,21,RegistryItem,RegistryItem/Path,string,{B02DAAF7-C679-4D00-9805-BE94D23B3B99},0,
554,21,RegistryItem,RegistryItem/Path,string,{1A7882DB-B89E-4406-AF8A-42C3DBD11B2C},0,
401,15,FileItem,FileItem/FileName,string,_www.luckytour.ca_upload_goods.jp_,0,
187,11,FileItem,FileItem/PEInfo/Exports/ExportedFunctions/string,string,_crt_debugger_hook,0,
499,18,Network,Network/URI,string,/zoomie/tommy/tasks.php,0,
496,17,Network,Network/URI,string,/submit.action,0,
52,1,Network,Network/URI,string,/search5,0,
50,1,Network,Network/URI,string,/search?qu= at www.google.com,0,
178,11,Network,Network/URI,string,/Photos/Query.cgi?loginid=,0,
68,3,Network,Network/URI,string,/MicrosoftUpdate/ShellEX/KB,0,
72,3,Network,Network/URI,string,/MicrosoftUpdate/GetUpdate/KB,1,*
163,8,Network,Network/URI,string,/microsoftupdate/getupdate/default.aspx?,1,*
160,8,Network,Network/URI,string,/microsoft/errorpost/default/connect.aspx?,0,
70,3,Network,Network/URI,string,/Microsoft/errorpost,0,
12,0,FileItem,FileItem/StringList/string,string,/mail/feed/atom,0,
13,0,ProcessItem,ProcessItem/StringList/string,string,/mail/feed/atom,0,
483,17,FileItem,FileItem/FullPath,string,/lib/libgcc4.so,0,
482,17,FileItem,FileItem/FullPath,string,/lib/libgcc4.4.so,0,
484,17,FileItem,FileItem/FullPath,string,/lib/libgcc.so.bak,0,
485,17,FileItem,FileItem/FullPath,string,/lib/libgcc.so,0,
712,29,Network,Network/URI,string,/home/index.asp?typeid=,0,
180,11,Network,Network/URI,string,/forum/login.cgi,0,
481,17,FileItem,FileItem/FullPath,string,/etc/cron.hourly/udev.sh,0,
480,17,FileItem,FileItem/FullPath,string,/etc/cron.hourly/cron.sh,0,
69,3,Network,Network/URI,string,/default.aspx?tmp=,0,
71,3,Network,Network/URI,string,/default.asp?tmp=,0,
73,3,Network,Network/URI,string,/default.asp?tmp=,0,
497,17,Network,Network/URI,string,/compiler.action,0,
489,17,Network,Network/URI,string,/check.action?,0,
570,22,FileDownloadHistoryItem,FileDownloadHistoryItem/FileName,string,.zip,0,
573,22,UrlHistoryItem,UrlHistoryItem/URL,string,.zip,0,
119,6,FileItem,FileItem/FileExtension,string,.tmp,0,
268,12,Network,Network/DNS,string,.swupdt.com,0,
267,12,Network,Network/DNS,string,.redirserver.net,0,
820,31,ServiceItem,ServiceItem/name,string,.Net CLR,0,
269,12,Network,Network/DNS,string,.msupdt.com,0,
271,12,Network,Network/DNS,string,.linkconf.net,0,
714,29,Network,Network/URI,string,.jpg,0,
128,6,FileItem,FileItem/FileExtension,string,.inc,0,
189,11,FileItem,FileItem/FileExtension,string,.hlp,0,
709,29,FileItem,FileItem/FileExtension,string,.DOC,0,
547,20,RegistryItem,RegistryItem/Value,string,".dll"",start"" ",0,
539,20,FileItem,FileItem/FileName,string,.dat,0,
541,20,FileItem,FileItem/FileName,string,.dat,0,
270,12,Network,Network/DNS,string,.appleupdt.com,0,
706,29,FileItem,FileItem/FileExtension,string,.7z,0,
156,8,ProcessItem,ProcessItem/SectionList/MemorySection/Mapped,string,&*SDKJfhksdf89*DIUKJDSF&*sdfsdf78sdfsdf,0,
157,8,ProcessItem,ProcessItem/StringList/string,string,&*SDKJfhksdf89*DIUKJDSF&*sdfsdf78sdfsdf,0,
896,35,FileItem,FileItem/FilePath,string,%Windir%\,0,
5,0,RegistryItem,RegistryItem/Value,string,"""regsrv32 /s ""C:\Documents and Settings\Administrator\Application Data\openssl\ssheay.dll""""",0,
651,27,FileItem,FileItem/StringList/string,string,!Kt3+v,0,
672,29,FileItem,FileItem/FileName,string, ka4281x3.log,0,
702,29,FileItem,FileItem/Md5sum,md5, ff5a7a610746ab5492cc6ab284138852,0,
771,31,FileItem,FileItem/PEInfo/VersionInfoList/VersionInfoItem/OriginalFilename,string,  TXT FILE,0,
802,31,FileItem,FileItem/SizeInBytes,int,2886656,0,
403,15,FileItem,FileItem/SizeInBytes,int,2128896,0,
794,31,FileItem,FileItem/SizeInBytes,int,1220608,0,
705,29,FileItem,FileItem/FileName,string,1030522,0,
707,29,FileItem,FileItem/FileName,string,1030522,0,
407,15,FileItem,FileItem/SizeInBytes,int,559488,0,
639,26,FileItem,FileItem/SizeInBytes,int,529004,0,
638,26,FileItem,FileItem/SizeInBytes,int,357888,0,
637,26,FileItem,FileItem/SizeInBytes,int,353792,0,
985,37,FileItem,FileItem/SizeInBytes,int,331776,0,
1025,38,FileItem,FileItem/SizeInBytes,int,305152,0,
1024,38,FileItem,FileItem/SizeInBytes,int,304640,0,
1023,38,FileItem,FileItem/SizeInBytes,int,301056,0,
1022,38,FileItem,FileItem/SizeInBytes,int,300032,0,
884,35,FileItem,FileItem/SizeInBytes,int,276480,0,
419,15,FileItem,FileItem/SizeInBytes,int,237568,0,
872,35,FileItem,FileItem/SizeInBytes,int,204800,0,
844,33,FileItem,FileItem/SizeInBytes,int,86016,0,
612,24,FileItem,FileItem/SizeInBytes,int,85574,0,
658,27,FileItem,FileItem/SizeInBytes,int,81920,0,
611,24,FileItem,FileItem/SizeInBytes,int,81754,0,
851,33,FileItem,FileItem/SizeInBytes,int,53248,0,
657,27,FileItem,FileItem/SizeInBytes,int,52606,0,
656,27,FileItem,FileItem/SizeInBytes,int,48640,0,
803,31,FileItem,FileItem/SizeInBytes,int,40448,0,
610,24,FileItem,FileItem/SizeInBytes,int,34138,0,
566,21,FileItem,FileItem/SizeInBytes,int,32768,0,
609,24,FileItem,FileItem/SizeInBytes,int,20314,0,
608,24,FileItem,FileItem/SizeInBytes,int,20313,0,
607,24,FileItem,FileItem/SizeInBytes,int,18142,0,
399,15,FileItem,FileItem/SizeInBytes,int,18048,0,
801,31,FileItem,FileItem/SizeInBytes,int,17409,0,
800,31,FileItem,FileItem/SizeInBytes,int,17408,0,
799,31,FileItem,FileItem/SizeInBytes,int,16896,0,
1090,40,FileItem,FileItem/SizeInBytes,int,16384,0,
1089,40,FileItem,FileItem/SizeInBytes,int,15873,0,
798,31,FileItem,FileItem/SizeInBytes,int,15872,0,
1088,40,FileItem,FileItem/SizeInBytes,int,15872,0,
797,31,FileItem,FileItem/SizeInBytes,int,15360,0,
796,31,FileItem,FileItem/SizeInBytes,int,14848,0,
795,31,FileItem,FileItem/SizeInBytes,int,14336,0,
1087,40,FileItem,FileItem/SizeInBytes,int,13825,0,
1086,40,FileItem,FileItem/SizeInBytes,int,13824,0,
1085,40,FileItem,FileItem/SizeInBytes,int,11264,0,
959,36,FileItem,FileItem/SizeInBytes,int,10240,0,
1093,40,FileItem,FileItem/SizeInBytes,int,9728,0,
1092,40,FileItem,FileItem/SizeInBytes,int,9216,0,
1026,38,FileItem,FileItem/SizeInBytes,int,8704,0,
1091,40,FileItem,FileItem/SizeInBytes,int,8704,0,
415,15,FileItem,FileItem/SizeInBytes,int,831,0,
412,15,FileItem,FileItem/SizeInBytes,int,783,0,
589,23,PortItem,PortItem/remotePort,int,443,0,
586,23,RegistryItem,RegistryItem/Value,string,272,0,
999,37,FileItem,FileItem/PEInfo/ResourceInfoList/ResourceInfoItem/Name,string,164,0,
998,37,FileItem,FileItem/PEInfo/ResourceInfoList/ResourceInfoItem/Name,string,163,0,
997,37,FileItem,FileItem/PEInfo/ResourceInfoList/ResourceInfoItem/Name,string,162,0,
996,37,FileItem,FileItem/PEInfo/ResourceInfoList/ResourceInfoItem/Name,string,161,0,
995,37,FileItem,FileItem/PEInfo/ResourceInfoList/ResourceInfoItem/Name,string,158,0,
994,37,FileItem,FileItem/PEInfo/ResourceInfoList/ResourceInfoItem/Name,string,156,0,
993,37,FileItem,FileItem/PEInfo/ResourceInfoList/ResourceInfoItem/Name,string,155,0,
992,37,FileItem,FileItem/PEInfo/ResourceInfoList/ResourceInfoItem/Name,string,154,0,
991,37,FileItem,FileItem/PEInfo/ResourceInfoList/ResourceInfoItem/Name,string,153,0,
22,0,FileItem,FileItem/StringList/string,string,3.5,0,
23,0,ProcessItem,ProcessItem/StringList/string,string,3.5,0,
24,0,FileItem,FileItem/StringList/string,string,3.3,0,
25,0,ProcessItem,ProcessItem/StringList/string,string,3.3,0,
26,0,FileItem,FileItem/StringList/string,string,3.2,0,
27,0,ProcessItem,ProcessItem/StringList/string,string,3.2,0,
28,0,FileItem,FileItem/StringList/string,string,3,0,
29,0,ProcessItem,ProcessItem/StringList/string,string,3,0,
582,23,RegistryItem,RegistryItem/Value,string,2,0,
865,33,FileItem,FileItem/PEInfo/Exports/NumberOfFunctions,int,2,0,
149,6,RegistryItem,RegistryItem/Value,string,0,0,
147,6,RegistryItem,RegistryItem/ValueName,string,,0,
