,fileNum,document,search,contentType,content
0,0,FileItem,FileItem/FileName,string,update.exe
1,0,FileItem,FileItem/FileName,string,ssheay.dll
2,0,FileItem,FileItem/FullPath,string,C:\Documents and Settings\%user%\Application Data\openssl\
3,0,ProcessItem,ProcessItem/name,string,regsrv32.exe
4,0,RegistryItem,RegistryItem/KeyPath,string,HKLM\SOFTWARE\Microsoft\Windows\CurrentVersion\Run\ssl
5,0,RegistryItem,RegistryItem/Value,string,"""regsrv32 /s ""C:\Documents and Settings\Administrator\Application Data\openssl\ssheay.dll"""""
6,0,ProcessItem,ProcessItem/HandleList/Handle/Name,string,www[.]nyrtonghost.com
7,0,ProcessItem,ProcessItem/StringList/string,string,css.ashx?nly=
8,0,FileItem,FileItem/StringList/string,string,css.ashx?nly=
9,0,Network,Network/String,string,css.ashx?nly=
10,0,FileItem,FileItem/StringList/string,string,Authorization: Basic %s
11,0,ProcessItem,ProcessItem/StringList/string,string,Authorization: Basic %s
12,0,FileItem,FileItem/StringList/string,string,/mail/feed/atom
13,0,ProcessItem,ProcessItem/StringList/string,string,/mail/feed/atom
14,0,FileItem,FileItem/StringList/string,string,mail.google.com
15,0,ProcessItem,ProcessItem/StringList/string,string,mail.google.com
16,0,FileItem,FileItem/StringList/string,string,GET
17,0,ProcessItem,ProcessItem/StringList/string,string,GET
18,0,FileItem,FileItem/StringList/string,string,\/*<>|
19,0,ProcessItem,ProcessItem/StringList/string,string,\/*<>|
20,0,FileItem,FileItem/StringList/string,string,3.e
21,0,ProcessItem,ProcessItem/StringList/string,string,3.e
22,0,FileItem,FileItem/StringList/string,string,3.5
23,0,ProcessItem,ProcessItem/StringList/string,string,3.5
24,0,FileItem,FileItem/StringList/string,string,3.3
25,0,ProcessItem,ProcessItem/StringList/string,string,3.3
26,0,FileItem,FileItem/StringList/string,string,3.2
27,0,ProcessItem,ProcessItem/StringList/string,string,3.2
28,0,FileItem,FileItem/StringList/string,string,3.0
29,0,ProcessItem,ProcessItem/StringList/string,string,3.0
30,0,FileItem,FileItem/Md5sum,md5,40F4809C962F80B7B2835A90772C0434
31,0,ProcessItem,ProcessItem/SectionList/MemorySection/Md5sum,md5,29C2D8DDFFF87C8FE2219C1419621048
32,0,ProcessItem,ProcessItem/SectionList/MemorySection/Md5sum,md5,1353D14F37E18570144FDF72F10CEF74
33,0,Network,Network/DNS,string,Bourbon[.]servehttp.com
34,0,DnsEntryItem,DnsEntryItem/RecordData/IPv4Address,IP,182.71.13.5
35,0,DnsEntryItem,DnsEntryItem/RecordName,string,Bourbon[.]servehttp.com
36,0,UrlHistoryItem,UrlHistoryItem/URL,string,Bourbon[.]servehttp.com
37,0,UrlHistoryItem,UrlHistoryItem/URL,string,mail.google.com
38,0,DnsEntryItem,DnsEntryItem/RecordName,string,mail.google.com
39,0,Network,Network/DNS,string,mail.google.com
40,0,UrlHistoryItem,UrlHistoryItem/URL,string,http://mail.google.com/mail/feed/atom/
41,0,DnsEntryItem,DnsEntryItem/RecordName,string,http://mail.google.com/mail/feed/atom/
42,0,Network,Network/DNS,string,http://mail.google.com/mail/feed/atom/
43,0,UrlHistoryItem,UrlHistoryItem/Username,string,Stacey.wilcoxsa
44,0,FormHistoryItem,FormHistoryItem/Username,string,Stacey.wilcoxsa
45,0,FileItem,FileItem/FileName,string,Harry.jpg
46,0,FileItem,FileItem/Md5sum,md5,285DCD22D0925CA04015cBD83CB32B83
47,0,ProcessItem,ProcessItem/SectionList/MemorySection/Md5sum,md5,EAB9937C5E01628C5E1112988896E1A0
48,0,ProcessItem,ProcessItem/SectionList/MemorySection/Md5sum,md5,F8FA42566B0EB2BC5BCF05FE33BA3D4E
49,1,FileItem,FileItem/Md5sum,md5,a76419a2FCa12427C887895E12a3442B
50,1,Network,Network/URI,string,/search?qu= at www.google.com
51,1,Network,Network/String,string,Host: radio.gamemuster.com
52,1,Network,Network/URI,string,/search5
53,1,Network,Network/URI,string,h1
54,1,Network,Network/URI,string,h2
55,1,Network,Network/URI,string,h3
56,1,Network,Network/URI,string,h4
57,2,DnsEntryItem,DnsEntryItem/RecordName,string,report.perrydale.com
58,2,DnsEntryItem,DnsEntryItem/RecordName,string,vic.perrydale.com
59,2,DnsEntryItem,DnsEntryItem/RecordName,string,rpt.perrydale.com
60,2,DnsEntryItem,DnsEntryItem/RecordName,string,psa.perrydale.com
61,2,DnsEntryItem,DnsEntryItem/RecordName,string,link.angellroofing.com
62,2,PortItem,PortItem/remoteIP,IP,107.20.255.57
63,2,PortItem,PortItem/remoteIP,IP,23.99.20.198
64,3,FileItem,FileItem/Md5sum,md5,544FCa6EB8181F163E2768C81F2Ba0B3
65,3,DnsEntryItem,DnsEntryItem/RecordName,string,file.anyoffice.info
66,3,Network,Network/UserAgent,string,Mozilla/4.0 (Compatible; MSIE 6.0;)
67,3,DnsEntryItem,DnsEntryItem/RecordName,string,www.microsoft.com
68,3,Network,Network/URI,string,/MicrosoftUpdate/ShellEX/KB
69,3,Network,Network/URI,string,/default.aspx?tmp=
70,3,Network,Network/URI,string,/Microsoft/errorpost
71,3,Network,Network/URI,string,/default.asp?tmp=
72,3,Network,Network/URI,string,/MicrosoftUpdate/GetUpdate/KB
73,3,Network,Network/URI,string,/default.asp?tmp=
74,4,FileItem,FileItem/Md5sum,md5,687424F0923dF9049CC3a56C685EB9a5
75,4,Network,Network/URI,string,login.stream-media.net/files/xx11/index.asp?95027775
76,4,FileItem,FileItem/Md5sum,md5,b54e91c234ec0e739ce429f47a317313
77,4,DnsEntryItem,DnsEntryItem/RecordName,string,www.microsoft.com
78,4,Network,Network/UserAgent,string,Mozilla/4.0 (Compatible; MSIE 6.0;)
79,4,FileItem,FileItem/FilePath,string,TEMP
80,4,FileItem,FileItem/FileName,string,index.dat
81,4,FileItem,FileItem/FileName,string,success.asp
82,5,Network,Network/DNS,string,yahooo.8866.org
83,5,Network,Network/DNS,string,sl1.homelinux.org
84,5,Network,Network/DNS,string,360.homeunix.com
85,5,Network,Network/DNS,string,li107-40.members.linode.com
86,5,Network,Network/DNS,string,ftp2.homeunix.com
87,5,Network,Network/DNS,string,update.ourhobby.com
88,5,FileItem,FileItem/FilePath,string,Temp
89,5,FileItem,FileItem/FileName,string,c_1758.nls
90,5,ServiceItem,ServiceItem/name,string,RaS
91,5,RegistryItem,RegistryItem/KeyPath,string,\SYSTEM\CurrentControlSet\Services\RaS
92,5,RegistryItem,RegistryItem/KeyPath,string,"\SOFTWARE\Microsoft\Windows NT\CurrentVersion\SvcHost\""netsvcs"""
93,5,RegistryItem,RegistryItem/Value,string,36 00 74 00 6F 00 34 00 00 00 41 00 75 00 64 00 69 00 6F 00 53 00 72 00 76 00 00 00 42 00 72 00 6F 00 77 00 73 00 65 00 72 00 00 00 43 00 72 00 79 00 70 00 74 00 53 00 76 00 63 00 00 00 44 00 4D 00 53 00 65 00 72 00 76 00 65 00 72 00 00 00 44 00 48 00 43 00 5
94,5,RegistryItem,RegistryItem/KeyPath,string,"\Software\Sun\1.1.2\""IsoTp"""
95,5,RegistryItem,RegistryItem/KeyPath,string,"\Software\Sun\1.1.2\""AppleTlk"""
96,6,ServiceItem,ServiceItem/name,string,DriverManage
97,6,ServiceItem,ServiceItem/name,string,WebService
98,6,ServiceItem,ServiceItem/name,string,WebClientManager
99,6,ServiceItem,ServiceItem/serviceDLL,string,KBVLD2.DLL
100,6,ServiceItem,ServiceItem/serviceDLL,string,AUTO.DLL
101,6,Email,Email/From,string,beautifl@mail.bg
102,6,Email,Email/From,string,ennemyman@mail.bg
103,6,Email,Email/From,string,fasionman@mail.bg
104,6,Email,Email/From,string,happylove@mail.bg
105,6,Email,Email/From,string,lovest000@mail.bg
106,6,Email,Email/From,string,monneyman@mail.bg
107,6,Email,Email/From,string,sportsman@mail.bg
108,6,Email,Email/From,string,veryhappy@mail.bg
109,6,Email,Email/From,string,iop110112@hotmail.com
110,6,Email,Email/From,string,rsh1213@hotmail.com
111,6,Email,Email/Subject,string,Down_0
112,6,Email,Email/Subject,string,Down_1
113,6,Email,Email/Subject,string,Happy_0
114,6,Email,Email/Subject,string,Happy_2
115,6,Email,Email/Subject,string,ddd_3
116,6,FileItem,FileItem/StringList/string,string,rsh!@!#
117,6,ServiceItem,ServiceItem/name,string,Remote Access Service
118,6,FileItem,FileItem/FilePath,string,Temp
119,6,FileItem,FileItem/FileExtension,string,.tmp
120,6,FileItem,FileItem/FilePath,string,C:\Windows\System32
121,6,FileItem,FileItem/FileName,string,KBVLD2.DLL
122,6,FileItem,FileItem/FileName,string,AUTO.DLL
123,6,FileItem,FileItem/FileName,string,netsvcs.exe
124,6,FileItem,FileItem/FileName,string,netsvcs_ko.dll
125,6,FileItem,FileItem/FileName,string,vcmon.exe
126,6,FileItem,FileItem/FilePath,string,C:\Program Files\Common Files\System\Ole DB\
127,6,FileItem,FileItem/FileName,string,oledvbs.inc
128,6,FileItem,FileItem/FileExtension,string,.inc
129,6,FileItem,FileItem/FileName,string,xmlrwbin.inc
130,6,FileItem,FileItem/FileName,string,sqlxmlx.inc
131,6,FileItem,FileItem/FileName,string,msolui80.inc
132,6,FileItem,FileItem/FileName,string,msdaipp.cnt
133,6,ProcessItem,ProcessItem/name,string,svchost.exe
134,6,ProcessItem,ProcessItem/arguments,string,-k DriverManage
135,6,ProcessItem,ProcessItem/arguments,string,-k WebService
136,6,ProcessItem,ProcessItem/arguments,string,-k WebClientManager
137,6,ProcessItem,ProcessItem/arguments,string,-k
138,6,RegistryItem,RegistryItem/KeyPath,string,SYSTEM\CurrentControlSet\Services\SharedAccess\Parameters\FirewallPolicy\StandardProfile
139,6,RegistryItem,RegistryItem/KeyPath,string,SYSTEM\CurrentControlSet\Services\SharedAccess\Parameters\FirewallPolicy\PublicProfile
140,6,RegistryItem,RegistryItem/KeyPath,string,SOFTWARE\AhnLab\V3IS2007\InternetSec
141,6,RegistryItem,RegistryItem/KeyPath,string,SOFTWARE\Ahnlab\V3IS80\is
142,6,RegistryItem,RegistryItem/KeyPath,string,SOFTWARE\AhnLab\V3 365 Clinic\InternetSec
143,6,RegistryItem,RegistryItem/ValueName,string,EnableFirewall
144,6,RegistryItem,RegistryItem/ValueName,string,FWRunMode
145,6,RegistryItem,RegistryItem/ValueName,string,fwmode
146,6,RegistryItem,RegistryItem/ValueName,string,UseFw
147,6,RegistryItem,RegistryItem/ValueName,string,
148,6,RegistryItem,RegistryItem/ValueName,string,UseIps
149,6,RegistryItem,RegistryItem/Value,string,0
150,6,FileItem,FileItem/FilePath,string,C:\Windows
151,6,FileItem,FileItem/FileName,string,taskmgr.exe
152,6,FileItem,FileItem/FileName,string,msdatt.bat
153,7,FileItem,FileItem/Md5sum,md5,6481118650bb34582537b06894c43837
154,7,FileItem,FileItem/Sha256sum,string,d51cd58a25fd7da6f421f09de3884a1994c9f19060e8439ab2573015ffa0ebce
155,8,FileItem,FileItem/Md5sum,md5,BC4E9DAD71B844DD3233CFBBB96C1BD3
156,8,ProcessItem,ProcessItem/SectionList/MemorySection/Mapped,string,&*SDKJfhksdf89*DIUKJDSF&*sdfsdf78sdfsdf
157,8,ProcessItem,ProcessItem/StringList/string,string,&*SDKJfhksdf89*DIUKJDSF&*sdfsdf78sdfsdf
158,8,FileItem,FileItem/FilePath,string,C:\RECYCLER\
159,8,FileItem,FileItem/FileName,string,restore.dat
160,8,Network,Network/URI,string,/microsoft/errorpost/default/connect.aspx?
161,8,Network,Network/URI,string,ID
162,8,Network,Network/UserAgent,string,Mozilla/4.0 (compatible; MSIE 6.0; Windows NT 5.1)
163,8,Network,Network/URI,string,/microsoftupdate/getupdate/default.aspx?
164,8,Network,Network/URI,string,ID
165,8,Network,Network/URI,string,para1
166,8,Network,Network/URI,string,para2
167,8,Network,Network/URI,string,para3
168,8,Network,Network/URI,string,Mozilla/4.0 (compatible; MSIE 6.0; Windows NT 5.1)
169,9,Network,Network/DNS,string,svr01.passport.serveuser.com
170,9,FileItem,FileItem/FilePath,string,Application Data\
171,9,FileItem,FileItem/FileName,string,conime.exe
172,9,RegistryItem,RegistryItem/KeyPath,string,"\Software\Microsoft\Windows\CurrentVersion\Run\""ServiceEXE"""
173,9,RegistryItem,RegistryItem/Value,string,conime.exe
174,10,FileItem,FileItem/Md5sum,md5,64a17f5177157bb8c4199d38c46ec93b
175,10,FileItem,FileItem/FileName,string,Facebook-Account.exe
176,10,PortItem,PortItem/remoteIP,IP,80.241.223.128
177,11,FileItem,FileItem/FullPath,string,C:\Windows\System32\Drivers\{6AB5E732-DFA9-4618-AF1C-F0D9DEF0E222}.sys
178,11,Network,Network/URI,string,/Photos/Query.cgi?loginid=
179,11,ServiceItem,ServiceItem/name,string,wuauserv
180,11,Network,Network/URI,string,/forum/login.cgi
181,11,Network,Network/UserAgent,string,Mozilla/4.0
182,11,FileItem,FileItem/PEInfo/Exports/ExportedFunctions/string,string,DllRegisterServer
183,11,FileItem,FileItem/PEInfo/Exports/ExportedFunctions/string,string,DllUnregisterServer
184,11,FileItem,FileItem/PEInfo/Exports/ExportedFunctions/string,string,ServiceMain
185,11,FileItem,FileItem/PEInfo/Exports/ExportedFunctions/string,string,SvchostPushServiceGlobals
186,11,FileItem,FileItem/PEInfo/Exports/ExportedFunctions/string,string,WUServiceMain
187,11,FileItem,FileItem/PEInfo/Exports/ExportedFunctions/string,string,_crt_debugger_hook
188,11,FileItem,FileItem/FileName,string,msusb
189,11,FileItem,FileItem/FileExtension,string,.hlp
190,11,FileItem,FileItem/FilePath,string,C:\Windows\System32\
191,11,RegistryItem,RegistryItem/KeyPath,string,SYSTEM\CurrentControlSet\Services\wuauserv\Parameters
192,11,RegistryItem,RegistryItem/Value,string,msusb
193,11,RegistryItem,RegistryItem/KeyPath,string,SYSTEM\CURRENTCONTROLSET\ENUM\ROOT\LEGACY_{93144EB0-8E3E-4591-B307-8EEBFE7DB28F}
194,11,DriverItem,DriverItem/DeviceItem/AttachedDeviceName,string,\Driver\Tcpip\Device\Ip
195,11,DriverItem,DriverItem/DeviceItem/AttachedDeviceName,string,\Driver\Tcpip\Device\Tcp
196,11,DriverItem,DriverItem/DeviceItem/AttachedDeviceName,string,\Driver\Tcpip\Device\Udp
197,11,DriverItem,DriverItem/DeviceItem/AttachedDeviceName,string,\Driver\Tcpip\Device\RawIp
198,12,FileItem,FileItem/FileName,string,objframe.dll
199,12,FileItem,FileItem/FileName,string,shlink32.dll
200,12,FileItem,FileItem/FileName,string,shlink64.dll
201,12,FileItem,FileItem/FileName,string,cdllait32.dll
202,12,FileItem,FileItem/FileName,string,cdllait64.dll
203,12,FileItem,FileItem/FileName,string,cdlluninstallws32.dll
204,12,FileItem,FileItem/FileName,string,cdlluninstallws64.dll
205,12,FileItem,FileItem/FileName,string,cdlluninstallsgh32.dll 
206,12,FileItem,FileItem/FileName,string,cdlluninstallsgh64.dll
207,12,FileItem,FileItem/FileName,string,c_50225.nls
208,12,FileItem,FileItem/FileName,string,c_50227.nls
209,12,FileItem,FileItem/FileName,string,c_50229.nls
210,12,FileItem,FileItem/FileName,string,c_51932.nls
211,12,FileItem,FileItem/FileName,string,c_51936.nls
212,12,FileItem,FileItem/FileName,string,c_51949.nls
213,12,FileItem,FileItem/FileName,string,c_51950.nls
214,12,FileItem,FileItem/FileName,string,c_57002.nls
215,12,FileItem,FileItem/FileName,string,c_57006.nls
216,12,FileItem,FileItem/FileName,string,c_57008.nls
217,12,FileItem,FileItem/FileName,string,c_57010.nls
218,12,FileItem,FileItem/FileName,string,cdgext32.dll
219,12,FileItem,FileItem/FileName,string,cfgbkmgrs.dll
220,12,FileItem,FileItem/FileName,string,cfgmgr64.dll
221,12,FileItem,FileItem/FileName,string,comsvrpcs.dll
222,12,FileItem,FileItem/FileName,string,d3dx8_20.dll
223,12,FileItem,FileItem/FileName,string,dllcomm.dll
224,12,FileItem,FileItem/FullPath,string,\drivers\wmimgr.sys
225,12,FileItem,FileItem/FileName,string,drvinfo.bin
226,12,FileItem,FileItem/FileName,string,FCache.bin
227,12,FileItem,FileItem/FileName,string,FFExtendedCommand.dll
228,12,FileItem,FileItem/FileName,string,gpktcsp32.dll
229,12,FileItem,FileItem/FileName,string,HPQueue.bin
230,12,FileItem,FileItem/FileName,string,LPQueue.bin
231,12,FileItem,FileItem/FileName,string,mdwmnsp.dll
232,12,FileItem,FileItem/FileName,string,rpcdist.dll
233,12,FileItem,FileItem/FileName,string,scsvrft.dll
234,12,FileItem,FileItem/FileName,string,sdptbw.dll
235,12,FileItem,FileItem/FileName,string,slbkbw.dll
236,12,FileItem,FileItem/FileName,string,skypeie6plugin.dll
237,12,FileItem,FileItem/FileName,string,wmspdmgr.dll
238,12,FileItem,FileItem/FileName,string,~DF01AC74D8BE15EE01.tmp
239,12,FileItem,FileItem/FileName,string,~DF23BF45A473C42B56.tmp
240,12,FileItem,FileItem/FileName,string,~DFA0528CD81300F372.tmp
241,12,FileItem,FileItem/FileName,string,~DF8471938479DA49221.tmp
242,12,FileItem,FileItem/FullPath,string,\microsoft\c_27803.nls
243,12,FileItem,FileItem/FullPath,string,\microsoft\objframe.dll
244,12,FileItem,FileItem/FullPath,string,\microsoft\shmgr.dll
245,12,RegistryItem,RegistryItem/KeyPath,string,HKLM\Software\Classes\CLSID\{E6BB64BE-0618-4353-9193-0AFE606D6F0C}\InprocServer32
246,12,Network,Network/DNS,string,nthost.shacknet.nu
247,12,Network,Network/DNS,string,tunga.homedns.org
248,12,Network,Network/DNS,string,prosoccer1.dyndns.info
249,12,Network,Network/DNS,string,prosoccer2.dyndns.info
250,12,Network,Network/DNS,string,nav1002.ath.cx
251,12,Network,Network/DNS,string,pininfarina.dynalias.com
252,12,Network,Network/DNS,string,wqq.dyndns.org
253,12,Network,Network/DNS,string,pl400.dyndns.org
254,12,Network,Network/DNS,string,services.serveftp.org
255,12,Network,Network/DNS,string,sv.serveftp.org
256,12,Network,Network/DNS,string,cherry1962.dyndns.org
257,12,Network,Network/DNS,string,carrus.gotdns.com
258,12,Network,Network/DNS,string,ricush.ath.cx
259,12,Network,Network/DNS,string,takami.podzone.net
260,12,Network,Network/DNS,string,dfup.selfip.org
261,12,Network,Network/DNS,string,wwnav.selfip.net
262,12,Network,Network/DNS,string,fast8.homeftp.org
263,12,Network,Network/DNS,string,ctronlinenews.dyndns.tv
264,12,Network,Network/DNS,string,mango66.dyndns.org
265,12,Network,Network/DNS,string,gx5639.dyndns.tv
266,12,Network,Network/DNS,string,services.serveftp.org
267,12,Network,Network/DNS,string,.redirserver.net
268,12,Network,Network/DNS,string,.swupdt.com
269,12,Network,Network/DNS,string,.msupdt.com
270,12,Network,Network/DNS,string,.appleupdt.com
271,12,Network,Network/DNS,string,.linkconf.net
272,12,PortItem,PortItem/remoteIP,IP,190.10.9.209
273,12,PortItem,PortItem/remoteIP,IP,190.105.232.46
274,12,PortItem,PortItem/remoteIP,IP,196.40.84.94
275,12,PortItem,PortItem/remoteIP,IP,200.122.160.25
276,12,PortItem,PortItem/remoteIP,IP,202.150.211.102
277,12,PortItem,PortItem/remoteIP,IP,202.150.214.50
278,12,PortItem,PortItem/remoteIP,IP,202.75.56.123
279,12,PortItem,PortItem/remoteIP,IP,202.75.56.231
280,12,PortItem,PortItem/remoteIP,IP,202.75.58.153
281,12,PortItem,PortItem/remoteIP,IP,210.48.153.236
282,12,PortItem,PortItem/remoteIP,IP,223.25.232.161
283,12,PortItem,PortItem/remoteIP,IP,37.235.63.127
284,12,PortItem,PortItem/remoteIP,IP,75.126.146.114
285,12,PortItem,PortItem/remoteIP,IP,81.0.233.15
286,12,PortItem,PortItem/remoteIP,IP,82.208.40.11
287,12,PortItem,PortItem/remoteIP,IP,62.149.227.3
288,12,PortItem,PortItem/remoteIP,IP,75.126.146.114
289,13,FileItem,FileItem/Md5sum,md5,0df42947e167cd006b176d305c08d57ehash for binary microsoft.dll
290,13,FileItem,FileItem/Md5sum,md5,024fd07dbdacc7da227bede3449c2b6ahash for binary eventsystem.dll
291,13,FileItem,FileItem/Md5sum,md5,0fed203f3df6a82c9124f24aa3d9d75dhash for binary Nwsapagent.dll
292,13,FileItem,FileItem/Md5sum,md5,1f9b32bac55ba4c015181ebf55767752hash for binary svchost.exe
293,13,FileItem,FileItem/Md5sum,md5,225e33508861984dd2a774760bfdfc52hash for binary iexplore.exe
294,13,FileItem,FileItem/Md5sum,md5,2479a9a50308cb72fcd5e4e18ef06468hash for binary eventsystem.dll
295,13,FileItem,FileItem/Md5sum,md5,255cd53f9bdb6f3755e621885cb34382hash for binary Nwsapagent.dll
296,13,FileItem,FileItem/Md5sum,md5,28dbd86bd86eb9153ecb20d883c41ae0hash for binary Nwsapagent.dll
297,13,FileItem,FileItem/Md5sum,md5,335df3ffb8cee61c20ab91a401204df4hash for binary svchost.exe
298,13,FileItem,FileItem/Md5sum,md5,3d0c1dc5ac55f6d0e6b7fabfeb5158f5hash for binary Nwsapagent.dll
299,13,FileItem,FileItem/Md5sum,md5,456d298649a7ec31a7250ed9312ebbafhash for binary wauserv.dll
300,13,FileItem,FileItem/Md5sum,md5,4cabfaef26fd8e5aec01d0c4b90a32f3hash for binary IPRIPP.DLL
301,13,FileItem,FileItem/Md5sum,md5,4cd3bed14aaffcf61f4d2948484c4c90hash for binary vediosrv.dll
302,13,FileItem,FileItem/Md5sum,md5,5613e6d7111b327307c02bec1701ac3fhash for binary iexplore.exe
303,13,FileItem,FileItem/Md5sum,md5,580a4c05982accc678a72c366b45815dhash for binary iexplore.exe
304,13,FileItem,FileItem/Md5sum,md5,6461ea41f179e660c40ed65aee1a4a2dhash for binary svchost.exe
305,13,FileItem,FileItem/Md5sum,md5,6510cee34da30c7ef5e5e39980402257hash for binary ersv.dll
306,13,FileItem,FileItem/Md5sum,md5,69dc1e1ee273e531e91c60eb86396cc8hash for binary svchost.exe
307,13,FileItem,FileItem/Md5sum,md5,75372eb37415140fa5464f1ebb8a0e74hash for binary ersv.dll
308,13,FileItem,FileItem/Md5sum,md5,69dc1e1ee273e531e91c60eb86396cc8hash for binary svchost.exe
309,13,FileItem,FileItem/Md5sum,md5,75372eb37415140fa5464f1ebb8a0e74hash for binary ersv.dll
310,13,FileItem,FileItem/Md5sum,md5,8c57b287a1d2140ccedd6cd097d62dedhash for binary eventsystem.dll
311,13,FileItem,FileItem/Md5sum,md5,9548e5ed4fbacd0ed4a9d6a27f5d8fechash for binary Nwsapagent.dll
312,13,FileItem,FileItem/Md5sum,md5,97c83d85bd76a38b13cea960a1a97f70hash for binary svchost.exe
313,13,FileItem,FileItem/Md5sum,md5,99882234b814b860a22b4d441b92fd82hash for binary eventsystem.exe
314,13,FileItem,FileItem/Md5sum,md5,a360b16c19ab9dea6763f777257c5f38hash for binary nwsapagent.dll
315,13,FileItem,FileItem/Md5sum,md5,abff707cb54a6e5a9fcbb3fef74dbddchash for binary Nwsapagent.dll
316,13,FileItem,FileItem/Md5sum,md5,adb2fc194b960e694aa450161f1df6fchash for binary eventsystem.dll
317,13,FileItem,FileItem/Md5sum,md5,b36168ea438520875c621f5603db003fhash for binary iexplore.exe
318,13,FileItem,FileItem/Md5sum,md5,b7dba6184f07b1e824362a2307d91ae2hash for binary Nwsapagent.dll
319,13,FileItem,FileItem/Md5sum,md5,bfcae0468de0c7bcf92e9989589082f1hash for binary Nwsapagent.dll
320,13,FileItem,FileItem/Md5sum,md5,c425b8782075da33cba5aae5ad612582hash for binary Nwsapagent.dll
321,13,FileItem,FileItem/Md5sum,md5,cfc6112254a69030521d0d2bba152d4dhash for binary lao.exe
322,13,FileItem,FileItem/Md5sum,md5,cfce9478c880934b3548c3022a956e14hash for binary nwsapagent.dll
323,13,FileItem,FileItem/Md5sum,md5,d60ee4a39667a733c075bb7f7b36285ahash for binary n.dll
324,13,FileItem,FileItem/Md5sum,md5,da5ff7927d608d7ccc7495939d457bd3hash for binary svchost.exe
325,13,FileItem,FileItem/Md5sum,md5,ea8b6c2c083d6b7b2b6ebc015b0488cahash for binary Nwsapagent.dll
326,13,FileItem,FileItem/Md5sum,md5,f3b54c188185ee0921848b3a6ad4751ehash for binary esrv.dll
327,13,FileItem,FileItem/Md5sum,md5,fade2270a6c7cb47893ac600a9a0509fhash for binary Nwsapagent.dll
328,13,FileItem,FileItem/Md5sum,md5,fefa3638e4d6f2e00b5194ae3fa0c931hash for binary nws.dll
329,13,FileItem,FileItem/StringList/string,string,Y29ubmVjdA==embedded string used for C2 commands
330,13,FileItem,FileItem/StringList/string,string,cXVpdA==embedded string used for C2 commands
331,13,FileItem,FileItem/StringList/string,string,dW5zdXBwb3J0embedded string used for C2 commands
332,13,FileItem,FileItem/StringList/string,string,c2xlZXA=embedded string used for C2 commands
333,13,ServiceItem,ServiceItem/descriptiveName,string,Intranet Network Awareness (COM+)The malware often creates a service entry with consistent text in the description fields.
334,13,ServiceItem,ServiceItem/description,string,"Depends COM+, Collects and stores network configuration and location information, and notifies applications when this information changes.The malware often creates a service entry with consistent text in the description fields."
335,13,FileItem,FileItem/SizeInBytes,int,9728024fd07dbdacc7da227bede3449c2b6a 456d298649a7ec31a7250ed9312ebbaf 8c57b287a1d2140ccedd6cd097d62ded adb2fc194b960e694aa450161f1df6fc
336,13,FileItem,FileItem/SizeInBytes,int,107520df42947e167cd006b176d305c08d57e
337,13,FileItem,FileItem/SizeInBytes,int,138240fed203f3df6a82c9124f24aa3d9d75d 255cd53f9bdb6f3755e621885cb34382 3d0c1dc5ac55f6d0e6b7fabfeb5158f5 a360b16c19ab9dea6763f777257c5f38 abff707cb54a6e5a9fcbb3fef74dbddc b7dba6184f07b1e824362a2307d91ae2 d60ee4a39667a733c075bb7f7b36285a
338,13,FileItem,FileItem/SizeInBytes,int,56326461ea41f179e660c40ed65aee1a4a2d da5ff7927d608d7ccc7495939d457bd3
339,13,FileItem,FileItem/SizeInBytes,int,8192b36168ea438520875c621f5603db003f
340,13,FileItem,FileItem/SizeInBytes,int,92160fed203f3df6a82c9124f24aa3d9d75d 0fed203f3df6a82c9124f24aa3d9d75d 225e33508861984dd2a774760bfdfc52 99882234b814b860a22b4d441b92fd82
341,13,FileItem,FileItem/SizeInBytes,int,133122479a9a50308cb72fcd5e4e18ef06468 28dbd86bd86eb9153ecb20d883c41ae0 9548e5ed4fbacd0ed4a9d6a27f5d8fec bfcae0468de0c7bcf92e9989589082f1 c425b8782075da33cba5aae5ad612582 fade2270a6c7cb47893ac600a9a0509f
342,13,FileItem,FileItem/SizeInBytes,int,143360fed203f3df6a82c9124f24aa3d9d75d cfc6112254a69030521d0d2bba152d4d
343,13,FileItem,FileItem/SizeInBytes,int,153604cd3bed14aaffcf61f4d2948484c4c90
344,13,FileItem,FileItem/SizeInBytes,int,16896335df3ffb8cee61c20ab91a401204df4 69dc1e1ee273e531e91c60eb86396cc8
345,13,FileItem,FileItem/SizeInBytes,int,174086510cee34da30c7ef5e5e39980402257 75372eb37415140fa5464f1ebb8a0e74 f3b54c188185ee0921848b3a6ad4751e
346,13,FileItem,FileItem/SizeInBytes,int,240644cabfaef26fd8e5aec01d0c4b90a32f3 cfce9478c880934b3548c3022a956e14 ea8b6c2c083d6b7b2b6ebc015b0488ca fefa3638e4d6f2e00b5194ae3fa0c931
347,13,FileItem,FileItem/SizeInBytes,int,384005613e6d7111b327307c02bec1701ac3f 580a4c05982accc678a72c366b45815d 97c83d85bd76a38b13cea960a1a97f70
348,13,FileItem,FileItem/PEInfo/PETimeStamp,date,2007-07-13T07:46:05Z024fd07dbdacc7da227bede3449c2b6a 8c57b287a1d2140ccedd6cd097d62ded adb2fc194b960e694aa450161f1df6fc
349,13,FileItem,FileItem/PEInfo/PETimeStamp,date,2009-03-31T15:46:00Z0df42947e167cd006b176d305c08d57e
350,13,FileItem,FileItem/PEInfo/PETimeStamp,date,2010-05-17T01:04:15Z0fed203f3df6a82c9124f24aa3d9d75d
351,13,FileItem,FileItem/PEInfo/PETimeStamp,date,2011-06-15T09:43:38Z0fed203f3df6a82c9124f24aa3d9d75d
352,13,FileItem,FileItem/PEInfo/PETimeStamp,date,2008-08-27T08:41:19Z225e33508861984dd2a774760bfdfc52 99882234b814b860a22b4d441b92fd82
353,13,FileItem,FileItem/PEInfo/PETimeStamp,date,2008-03-12T12:39:30Z2479a9a50308cb72fcd5e4e18ef06468 28dbd86bd86eb9153ecb20d883c41ae0 9548e5ed4fbacd0ed4a9d6a27f5d8fec bfcae0468de0c7bcf92e9989589082f1 c425b8782075da33cba5aae5ad612582 fade2270a6c7cb47893ac600a9a0509f
354,13,FileItem,FileItem/PEInfo/PETimeStamp,date,2009-06-16T01:00:08Z255cd53f9bdb6f3755e621885cb34382 abff707cb54a6e5a9fcbb3fef74dbddc b7dba6184f07b1e824362a2307d91ae2 d60ee4a39667a733c075bb7f7b36285a 3d0c1dc5ac55f6d0e6b7fabfeb5158f5 a360b16c19ab9dea6763f777257c5f38
355,13,FileItem,FileItem/PEInfo/PETimeStamp,date,2011-06-03T03:13:08Z335df3ffb8cee61c20ab91a401204df4
356,13,FileItem,FileItem/PEInfo/PETimeStamp,date,2007-12-14T01:09:51Z456d298649a7ec31a7250ed9312ebbaf
357,13,FileItem,FileItem/PEInfo/PETimeStamp,date,2010-09-28T01:00:25Z4cabfaef26fd8e5aec01d0c4b90a32f3 cfce9478c880934b3548c3022a956e14 ea8b6c2c083d6b7b2b6ebc015b0488ca
358,13,FileItem,FileItem/PEInfo/PETimeStamp,date,2011-02-24T09:37:56Z4cd3bed14aaffcf61f4d2948484c4c90
359,13,FileItem,FileItem/PEInfo/PETimeStamp,date,2011-03-16T03:27:48Z5613e6d7111b327307c02bec1701ac3f 580a4c05982accc678a72c366b45815d
360,13,FileItem,FileItem/PEInfo/PETimeStamp,date,2008-08-11T00:24:48Z6461ea41f179e660c40ed65aee1a4a2d da5ff7927d608d7ccc7495939d457bd3
361,13,FileItem,FileItem/PEInfo/PETimeStamp,date,2009-07-20T06:57:31Z6510cee34da30c7ef5e5e39980402257 75372eb37415140fa5464f1ebb8a0e74 f3b54c188185ee0921848b3a6ad4751e
362,13,FileItem,FileItem/PEInfo/PETimeStamp,date,2010-11-22T12:38:38Z69dc1e1ee273e531e91c60eb86396cc8 97c83d85bd76a38b13cea960a1a97f70
363,13,FileItem,FileItem/PEInfo/PETimeStamp,date,2007-09-18T00:05:50Zb36168ea438520875c621f5603db003f
364,13,FileItem,FileItem/PEInfo/PETimeStamp,date,2009-09-25T08:39:16Zcfc6112254a69030521d0d2bba152d4d
365,13,FileItem,FileItem/PEInfo/PETimeStamp,date,2010-10-11T08:17:47Zfefa3638e4d6f2e00b5194ae3fa0c931
366,13,FileItem,FileItem/FileName,string,ersv.dll6510cee34da30c7ef5e5e39980402257 75372eb37415140fa5464f1ebb8a0e74
367,13,FileItem,FileItem/FileName,string,esrv.dllf3b54c188185ee0921848b3a6ad4751e
368,13,FileItem,FileItem/FileName,string,eventsystem.dll024fd07dbdacc7da227bede3449c2b6a 2479a9a50308cb72fcd5e4e18ef06468 8c57b287a1d2140ccedd6cd097d62ded adb2fc194b960e694aa450161f1df6fc
369,13,FileItem,FileItem/FileName,string,eventsystem.exe99882234b814b860a22b4d441b92fd82
370,13,FileItem,FileItem/FileName,string,iexplore.exe225e33508861984dd2a774760bfdfc52 5613e6d7111b327307c02bec1701ac3f 580a4c05982accc678a72c366b45815d b36168ea438520875c621f5603db003f
371,13,FileItem,FileItem/FileName,string,ipripp.dll4cabfaef26fd8e5aec01d0c4b90a32f3
372,13,FileItem,FileItem/FileName,string,lao.execfc6112254a69030521d0d2bba152d4d
373,13,FileItem,FileItem/FileName,string,microsoft.dll0df42947e167cd006b176d305c08d57e
374,13,FileItem,FileItem/FileName,string,n.dlld60ee4a39667a733c075bb7f7b36285a
375,13,FileItem,FileItem/FileName,string,nws.dllfefa3638e4d6f2e00b5194ae3fa0c931
376,13,FileItem,FileItem/FileName,string,nwsapagent.dll0fed203f3df6a82c9124f24aa3d9d75d 255cd53f9bdb6f3755e621885cb34382 28dbd86bd86eb9153ecb20d883c41ae0 3d0c1dc5ac55f6d0e6b7fabfeb5158f5 9548e5ed4fbacd0ed4a9d6a27f5d8fec a360b16c19ab9dea6763f777257c5f38 abff707cb54a6e5a9fcbb3fef74dbddc b7dba6184f07b1e824362a2307d91ae2 bfcae0468de0c7bcf92e9989589082f1 c425b8782075da33cba5aae5ad612582 cfce9478c880934b3548c3022a956e14 ea8b6c2c083d6b7b2b6ebc015b0488ca fade2270a6c7cb47893ac600a9a0509f
377,13,FileItem,FileItem/FileName,string,svchost.exe0fed203f3df6a82c9124f24aa3d9d75d 335df3ffb8cee61c20ab91a401204df4 6461ea41f179e660c40ed65aee1a4a2d 69dc1e1ee273e531e91c60eb86396cc8 97c83d85bd76a38b13cea960a1a97f70 da5ff7927d608d7ccc7495939d457bd3
378,13,FileItem,FileItem/FileName,string,vediosrv.dll4cd3bed14aaffcf61f4d2948484c4c90
379,13,FileItem,FileItem/FileName,string,wauserv.dll456d298649a7ec31a7250ed9312ebbaf
380,13,FileItem,FileItem/PEInfo/DetectedAnomalies/string,string,checksum_is_zero
381,13,FileItem,FileItem/PEInfo/Exports/ExportedFunctions/string,string,InstallService
382,13,FileItem,FileItem/PEInfo/Exports/ExportedFunctions/string,string,ServiceMain
383,13,FileItem,FileItem/PEInfo/Exports/ExportedFunctions/string,string,UninstallService
384,13,FileItem,FileItem/PEInfo/Exports/ExportedFunctions/string,string,installA
385,13,FileItem,FileItem/PEInfo/Exports/ExportedFunctions/string,string,uninstallA
386,13,FileItem,FileItem/PEInfo/Exports/NumberOfFunctions,int,5This File Export set is found in about 50% of the y21k family of malware
387,13,FileItem,FileItem/PEInfo/Exports/DllName,string,Nwsapagent.dlldescription of DLL used in about half of samples seen
388,13,FileItem,FileItem/PEInfo/Exports/DllName,string,EventSystem.dlldescription of DLL used in about half of samples seen
389,14,FileItem,FileItem/FilePath,string,C:\Windows\System32
390,14,FileItem,FileItem/PEInfo/VersionInfoList/VersionInfoItem/FileDescription,string,Windows Command Processor
391,14,FileItem,FileItem/FileName,string,sethc.exe
392,14,RegistryItem,RegistryItem/KeyPath,string,\SOFTWARE\Microsoft\Windows NT\CurrentVersion\Image File Execution Options\sethc.ece
393,14,RegistryItem,RegistryItem/Value,string,C:\Windows\System32\sethc.exe
394,14,FileItem,FileItem/FileName,string,sethc.exe
395,14,FileItem,FileItem/FilePath,string,C:\Windows\System32
396,15,FileItem,FileItem/FileName,string,105.bin
397,15,FileItem,FileItem/Md5sum,md5,6E62837DF7E6FC70824A666604A5A9E9
398,15,FileItem,FileItem/Sha1sum,string,76D8BA7F29C2BB7343B45646573B252FB239C01B
399,15,FileItem,FileItem/SizeInBytes,int,18048
400,15,FileItem,FileItem/FileName,string,107.bin
401,15,FileItem,FileItem/FileName,string,_www.luckytour.ca_upload_goods.jp_
402,15,FileItem,FileItem/Md5sum,md5,1E85F9CF6791ECC368C511BE757F37AF
403,15,FileItem,FileItem/SizeInBytes,int,2128896
404,15,FileItem,FileItem/PEInfo/PETimeStamp,date,2013-06-08T09:01:57Z
405,15,FileItem,FileItem/FileName,string,Temp.sys
406,15,FileItem,FileItem/Md5sum,md5,4FC3250DB737749E13BA397E40BDA088
407,15,FileItem,FileItem/SizeInBytes,int,559488
408,15,FileItem,FileItem/PEInfo/PETimeStamp,date,2013-06-08T09:01:45Z
409,15,FileItem,FileItem/FilePath,string,C:\Windows\System32\drivers
410,15,FileItem,FileItem/FileName,string,101.bin
411,15,FileItem,FileItem/Md5sum,md5,EA5DFDD6FD05ABD306A983F017E083BE
412,15,FileItem,FileItem/SizeInBytes,int,783
413,15,FileItem,FileItem/FileName,string,102.bin
414,15,FileItem,FileItem/Md5sum,md5,7FEFDB83BB3881C8BC24C9B4B559C7CB
415,15,FileItem,FileItem/SizeInBytes,int,831
416,15,FileItem,FileItem/FileName,string,103.bin
417,15,FileItem,FileItem/FileName,string,104.bin
418,15,FileItem,FileItem/Md5sum,md5,71763F1E7CF1C4E9FB46A849F30A8C43
419,15,FileItem,FileItem/SizeInBytes,int,237568
420,15,FileItem,FileItem/FileName,string,106.bin
421,15,FileItem,FileItem/FileName,string,107.bin
422,15,FileItem,FileItem/FileName,string,108.bin
423,15,FileItem,FileItem/FileName,string,109.bin
424,15,FileItem,FileItem/FileName,string,110.bin
425,15,FileItem,FileItem/FileName,string,111.bin
426,15,FileItem,FileItem/FileName,string,cmd.dll
427,15,FileItem,FileItem/FileName,string,RASAUTOE_3438.dll
428,15,FileItem,FileItem/FileName,string,WMDMPMSN.dll
429,15,FileItem,FileItem/FileName,string,RASAUTOE_0F9D.dll
430,15,PortItem,PortItem/remoteIP,IP,103.20.22.25
431,15,UrlHistoryItem,UrlHistoryItem/URL,string,https://195.3.145.111/
432,15,PortItem,PortItem/remoteIP,IP,195.3.145.111
433,15,PortItem,PortItem/remoteIP,IP,212.36.9.52
434,15,UrlHistoryItem,UrlHistoryItem/URL,string,https://212.36.9.52/
435,15,PortItem,PortItem/remoteIP,IP,91.213.29.63
436,15,UrlHistoryItem,UrlHistoryItem/URL,string,https://91.213.29.63
437,15,UrlHistoryItem,UrlHistoryItem/URL,string,https://tr1ck-track.com/
438,15,UrlHistoryItem,UrlHistoryItem/URL,string,https://188.95.52.162/
439,15,PortItem,PortItem/remoteIP,IP,188.95.52.162
440,15,UrlHistoryItem,UrlHistoryItem/URL,string,https://mo0nviser.com/
441,15,UrlHistoryItem,UrlHistoryItem/URL,string,http://gnarenyawr.com/
442,15,UrlHistoryItem,UrlHistoryItem/URL,string,http://rinderwayr.com/
443,15,UrlHistoryItem,UrlHistoryItem/URL,string,http://jukdoout0.com/
444,15,UrlHistoryItem,UrlHistoryItem/URL,string,http://swltcho0.com/
445,15,UrlHistoryItem,UrlHistoryItem/URL,string,http://ranmjyuke.com/
446,15,UrlHistoryItem,UrlHistoryItem/URL,string,http://crj71ki813ck.com/
447,15,UrlHistoryItem,UrlHistoryItem/URL,string,http://lkckclcklii1i.com/
448,15,UrlHistoryItem,UrlHistoryItem/URL,string,http://revalati0n-startup.com/
449,15,UrlHistoryItem,UrlHistoryItem/URL,string,http://pacrim.eclipsemc.com/
450,15,UrlHistoryItem,UrlHistoryItem/URL,string,http://generic-t00ls.com/
451,15,PortItem,PortItem/remoteIP,IP,103.20.22.25
452,15,ServiceItem,ServiceItem/name,string,InstallDrv
453,15,ProcessItem,ProcessItem/HandleList/Handle/Name,string,OLE_DLL_SINGLETON
454,15,RegistryItem,RegistryItem/KeyPath,string,HKLM\SYSTEM\CurrentControlSet\Services\InstallDrv\ImagePath
455,15,RegistryItem,RegistryItem/Value,string,system32\drivers\temp.sys
456,15,RegistryItem,RegistryItem/KeyPath,string,HKLM\SYSTEM\CurrentControlSet\Services\InstallDrv\DisplayName
457,15,RegistryItem,RegistryItem/Value,string,InstallDrv
458,15,ProcessItem,ProcessItem/HandleList/Handle/Name,string,AFX_Ideas_H_5B5F33E8_2175_4C23_BB38_A334CADD6B78
459,16,PortItem,PortItem/remoteIP,IP,103.208.86.129
460,16,PortItem,PortItem/remoteIP,IP,109.237.108.202
461,16,PortItem,PortItem/remoteIP,IP,109.237.111.175
462,16,PortItem,PortItem/remoteIP,IP,109.248.222.85
463,16,PortItem,PortItem/remoteIP,IP,95.47.156.86
464,16,PortItem,PortItem/remoteIP,IP,162.243.6.98
465,16,PortItem,PortItem/remoteIP,IP,160.202.163.78
466,16,DnsEntryItem,DnsEntryItem/Host,string,Newtime.ezua.com
467,16,DnsEntryItem,DnsEntryItem/Host,string,Imitate.faqserv.com
468,16,DnsEntryItem,DnsEntryItem/Host,string,Barber.faqserv.com
469,16,DnsEntryItem,DnsEntryItem/Host,string,Machine.ddsn.com
470,17,DnsEntryItem,DnsEntryItem/RecordName,string,heethai.com
471,17,DnsEntryItem,DnsEntryItem/RecordName,string,buhenge.com
472,17,DnsEntryItem,DnsEntryItem/RecordName,string,rxxiaoao.com
473,17,DnsEntryItem,DnsEntryItem/RecordName,string,hcxiaoao.com
474,17,DnsEntryItem,DnsEntryItem/RecordName,string,info.3000uc.com
475,17,DnsEntryItem,DnsEntryItem/RecordName,string,wangzongfacai.com
476,17,DnsEntryItem,DnsEntryItem/RecordName,string,navert0p.com
477,17,DnsEntryItem,DnsEntryItem/RecordName,string,dsaj2a.com
478,17,DnsEntryItem,DnsEntryItem/RecordName,string,dsaj2a.org
479,17,DnsEntryItem,DnsEntryItem/RecordName,string,dsaj2a1.org
480,17,FileItem,FileItem/FullPath,string,/etc/cron.hourly/cron.sh
481,17,FileItem,FileItem/FullPath,string,/etc/cron.hourly/udev.sh
482,17,FileItem,FileItem/FullPath,string,/lib/libgcc4.4.so
483,17,FileItem,FileItem/FullPath,string,/lib/libgcc4.so
484,17,FileItem,FileItem/FullPath,string,/lib/libgcc.so.bak
485,17,FileItem,FileItem/FullPath,string,/lib/libgcc.so
486,17,PortItem,PortItem/remoteIP,IP,103.41.124.
487,17,PortItem,PortItem/remoteIP,IP,103.25.9.228
488,17,PortItem,PortItem/remoteIP,IP,103.25.9.229
489,17,Network,Network/URI,string,/check.action?
490,17,Network,Network/URI,string,iid=
491,17,Network,Network/URI,string,kernel=
492,17,Network,Network/URI,string,mod_unload
493,17,Network,Network/URI,string,modversions
494,17,Network,Network/URI,string,username
495,17,Network,Network/URI,string,password
496,17,Network,Network/URI,string,/submit.action
497,17,Network,Network/URI,string,/compiler.action
498,18,ProcessItem,ProcessItem/HandleList/Handle/Name,string,n3nmtx
499,18,Network,Network/URI,string,/zoomie/tommy/tasks.php
500,18,Network,Network/String,string,21232f297a57a5a743894a0e4a801fc3
501,18,Network,Network/URI,string,tasks.php
502,18,FileItem,FileItem/FilePath,string,APPDATA/LOGS
503,18,FileItem,FileItem/FileName,string,file_clipbrd.txt
504,18,ProcessItem,ProcessItem/StringList/string,string,visit
505,18,ProcessItem,ProcessItem/StringList/string,string,open
506,18,ProcessItem,ProcessItem/StringList/string,string,spread
507,18,ProcessItem,ProcessItem/StringList/string,string,archive
508,18,ProcessItem,ProcessItem/StringList/string,string,botkiller
509,18,ProcessItem,ProcessItem/StringList/string,string,http
510,18,ProcessItem,ProcessItem/StringList/string,string,slow
511,18,ProcessItem,ProcessItem/StringList/string,string,dwflood
512,18,ProcessItem,ProcessItem/StringList/string,string,smart
513,18,ProcessItem,ProcessItem/StringList/string,string,https
514,18,ProcessItem,ProcessItem/StringList/string,string,keylogger
515,19,FileItem,FileItem/Md5sum,md5,067681b79756156ba26c12bc36bf835c
516,19,FileItem,FileItem/Md5sum,md5,8844a537e7f533192ca8e81886e70fbc
517,19,FileItem,FileItem/Md5sum,md5,3e5ac6bbf108feec97e1cc36560ab0b6
518,19,FileItem,FileItem/Md5sum,md5,f8a2d4ddf9dc2de750c8b4b7ee45ba3f
519,19,FileItem,FileItem/Md5sum,md5,e51ce28c2e2d226365bc5315d3e5f83e
520,19,FileItem,FileItem/Md5sum,md5,a6f14b547d9a7190a1f9f1c06f906063
521,20,FileItem,FileItem/FileName,string,STREAM.SYS
522,20,Network,Network/DNS,string,http://download.symantec-sync.com/images/pagerr
523,20,Network,Network/DNS,string,http://69.197.14.111/images/imag
524,20,FileItem,FileItem/FileName,string,adobe.dll
525,20,PortItem,PortItem/remoteIP,IP,221.6.135.123
526,20,Network,Network/DNS,string,http://80.224.32.4/test
527,20,PortItem,PortItem/remoteIP,IP,59.188.196.183
528,20,PortItem,PortItem/remoteIP,IP,61.132.74.68
529,20,Network,Network/DNS,string,http://hao.te00.com/lts/woi
530,20,Network,Network/DNS,string,http://update.windowsautoupdate.com:443/index0000
531,20,Network,Network/DNS,string,http://www.satinfo.es/test
532,20,Network,Network/DNS,string,sysinformation.dyndns-server.com
533,20,Network,Network/DNS,string,http://69.197.14.111/images/BrightB
534,20,FileItem,FileItem/FilePath,string,C:\Documents and Settings\Administrator\Application Data\
535,20,FileItem,FileItem/FileName,string,updatesvc.dll
536,20,FileItem,FileItem/FilePath,string,\Application Data\Microsoft\Internet Explorer\
537,20,FileItem,FileItem/FileName,string,IEXPL0RE.EXE
538,20,FileItem,FileItem/FilePath,string,Temp\perf
539,20,FileItem,FileItem/FileName,string,.dat
540,20,FileItem,FileItem/FilePath,string,\RECYCLER\
541,20,FileItem,FileItem/FileName,string,.dat
542,20,FileItem,FileItem/FilePath,string,\system\
543,20,FileItem,FileItem/FileName,string,MSMAPI32.SRG
544,20,FileItem,FileItem/FileName,string,lock.dat
545,20,RegistryItem,RegistryItem/KeyPath,string,\Software\Microsoft\Windows\CurrentVersion\Run\
546,20,RegistryItem,RegistryItem/Value,string,rundll32.exe
547,20,RegistryItem,RegistryItem/Value,string,".dll"",start"" "
548,20,RegistryItem,RegistryItem/Value,string,"mstime.dll"",start"""
549,20,FileItem,FileItem/FilePath,string,\Application Data\
550,20,FileItem,FileItem/FileName,string,mstime.dll
551,21,FileItem,FileItem/Md5sum,md5,dbdd2a9c86e71ba0c9953ff4f89cc25b
552,21,FileItem,FileItem/Md5sum,md5,67f62f5accfeacf5e828c3b3905248fe
553,21,FileItem,FileItem/PEInfo/Exports/DllName,string,comhtml.DLL
554,21,RegistryItem,RegistryItem/Path,string,{1A7882DB-B89E-4406-AF8A-42C3DBD11B2C}
555,21,RegistryItem,RegistryItem/Text,string,mshtml Class
556,21,RegistryItem,RegistryItem/Text,string,Comhtml.mshtml.1
557,21,RegistryItem,RegistryItem/Text,string,Apartment
558,21,RegistryItem,RegistryItem/Text,string,ntoc.dll
559,21,RegistryItem,RegistryItem/Text,string,{B02DAAF7-C679-4D00-9805-BE94D23B3B99}
560,21,RegistryItem,RegistryItem/Path,string,{B02DAAF7-C679-4D00-9805-BE94D23B3B99}
561,21,RegistryItem,RegistryItem/Text,string,comhtml 1.0 Type Library
562,21,RegistryItem,RegistryItem/Text,string,ntoc.dll
563,21,FileItem,FileItem/FileName,string,ntoc.dll
564,21,FileItem,FileItem/PEInfo/Exports/ExportedFunctions/string,string,DllRegisterServer
565,21,FileItem,FileItem/PEInfo/DetectedAnomalies/string,string,checksum_is_zeroPE Header Anomaly identified in 100% samples.
566,21,FileItem,FileItem/SizeInBytes,int,32768
567,21,FileItem,FileItem/PEInfo/PETimeStamp,date,2010-05-06T13:11:39Z
568,21,FileItem,FileItem/PEInfo/ResourceInfoList/ResourceInfoItem/Language,string,"Chinese (Simplified, PRC)"
569,21,FileItem,FileItem/PEInfo/VersionInfoList/VersionInfoItem/Language,string,English (United States)
570,22,FileDownloadHistoryItem,FileDownloadHistoryItem/FileName,string,.zip
571,22,FileDownloadHistoryItem,FileDownloadHistoryItem/FileName,string,doc
572,22,FileDownloadHistoryItem,FileDownloadHistoryItem/FileName,string,inf
573,22,UrlHistoryItem,UrlHistoryItem/URL,string,.zip
574,22,UrlHistoryItem,UrlHistoryItem/URL,string,doc
575,22,UrlHistoryItem,UrlHistoryItem/URL,string,inf
576,23,FileItem,FileItem/FileName,string,AppMgmt.dll
577,23,ServiceItem,ServiceItem/name,string,AppMgmt
578,23,ServiceItem,ServiceItem/name,string,BITS
579,23,FileItem,FileItem/FilePath,string,Temp
580,23,FileItem,FileItem/FileName,string,uid.ax
581,23,RegistryItem,RegistryItem/Path,string,SYSTEM\ControlSet\Services\AppMgmt\
582,23,RegistryItem,RegistryItem/Value,string,2
583,23,RegistryItem,RegistryItem/Path,string,\SYSTEM\ControlSet\Services\AppMgmt\Parameters\
584,23,RegistryItem,RegistryItem/Value,string,AppMgmt.dll
585,23,RegistryItem,RegistryItem/Path,string,"SYSTEM\ControlSet\Services\AppMgmt\""Type"""
586,23,RegistryItem,RegistryItem/Value,string,272
587,23,RegistryItem,RegistryItem/Path,string,"SYSTEM\ControlSet\Services\AppMgmt\""FailureActions"""
588,23,PortItem,PortItem/remoteIP,IP,219.90.117.132
589,23,PortItem,PortItem/remotePort,int,443
590,24,FileItem,FileItem/Md5sum,md5,8412a3e37499f8289faf54546824ab61
591,24,FileItem,FileItem/Md5sum,md5,56de2854ef64d869b5df7af5e4effe3e
592,24,FileItem,FileItem/Md5sum,md5,9e30b1665077b7e65bc8ff1e7c752306
593,24,FileItem,FileItem/Md5sum,md5,106338ad223b84fbc2528a55e3e22302
594,24,FileItem,FileItem/Md5sum,md5,8462a62f13f92c34e4b89a7d13a185ad
595,24,FileItem,FileItem/Md5sum,md5,15d1330be5e27f6f51d011b0575ffa05
596,24,FileItem,FileItem/Md5sum,md5,75dad1ccabae8adeb5bae899d0c630f8
597,24,FileItem,FileItem/Md5sum,md5,4b19a2a6d40a5825e868c6ef25ae445e
598,24,FileItem,FileItem/Md5sum,md5,54d5d171a482278cc8eacf08d9175fd7
599,24,FileItem,FileItem/Md5sum,md5,36a7c3a6460c98e161e1005c925da0b2
600,24,FileItem,FileItem/Md5sum,md5,0fbdc6e3f79063a4773d4872fa1f15d1
601,24,FileItem,FileItem/FileName,string,acrod32.exe
602,24,FileItem,FileItem/FileName,string,adobearm.exe
603,24,FileItem,FileItem/FileName,string,winword.exe
604,24,FileItem,FileItem/FileName,string,defwatch.exe
605,24,FileItem,FileItem/PEInfo/DetectedAnomalies/string,string,contains_eof_dataPE Header Anomaly identified in 100% samples.
606,24,FileItem,FileItem/PEInfo/DetectedAnomalies/string,string,checksum_is_zeroPE Header Anomaly identified in 91% samples.
607,24,FileItem,FileItem/SizeInBytes,int,18142
608,24,FileItem,FileItem/SizeInBytes,int,20313
609,24,FileItem,FileItem/SizeInBytes,int,20314
610,24,FileItem,FileItem/SizeInBytes,int,34138
611,24,FileItem,FileItem/SizeInBytes,int,81754
612,24,FileItem,FileItem/SizeInBytes,int,85574
613,24,FileItem,FileItem/PEInfo/PETimeStamp,date,2007-09-17T09:21:03Z
614,24,FileItem,FileItem/PEInfo/PETimeStamp,date,2009-03-06T14:10:18Z
615,24,FileItem,FileItem/PEInfo/PETimeStamp,date,2009-06-11T09:35:04Z
616,24,FileItem,FileItem/PEInfo/PETimeStamp,date,2010-03-15T12:47:10Z
617,24,FileItem,FileItem/PEInfo/PETimeStamp,date,2010-06-25T09:26:47Z
618,24,FileItem,FileItem/PEInfo/PETimeStamp,date,2011-03-29T08:40:16Z
619,24,FileItem,FileItem/PEInfo/PETimeStamp,date,2011-09-06T12:37:01Z
620,24,FileItem,FileItem/PEInfo/PETimeStamp,date,2011-09-20T01:17:47Z
621,24,FileItem,FileItem/PEInfo/PETimeStamp,date,2012-01-20T03:14:28Z
622,24,ProcessItem,ProcessItem/HandleList/Handle/Type,string,MutantMutexes created by different variants of this family
623,24,ProcessItem,ProcessItem/HandleList/Handle/Name,string,BaseNamedObjects\Sm
624,24,ProcessItem,ProcessItem/HandleList/Handle/Name,string,1qasw2
625,24,ProcessItem,ProcessItem/HandleList/Handle/Name,string,ijnrfv
626,25,Email,Email/Body,string,http://bmjaipur.org/fonts/swift/swift
627,25,Email,Email/Subject,string,Swift Account verification
628,25,Email,Email/From,string,guido@correo.uaa.mx
629,26,FileItem,FileItem/Md5sum,md5,8845cb5b4e450cb10a3b6ca41a9b4319
630,26,FileItem,FileItem/Md5sum,md5,3de1bd0f2107198931177b2b23877df4
631,26,FileItem,FileItem/Md5sum,md5,d5fd1ce9189cd54f157d691e317c0821
632,26,FileItem,FileItem/Md5sum,md5,15a33f8fe11b94bdd38bff651f6a5cd1
633,26,FileItem,FileItem/FileName,string,GTalk.exe
634,26,FileItem,FileItem/FileName,string,googlehelp.exe
635,26,FileItem,FileItem/FileName,string,iexplore.exe
636,26,FileItem,FileItem/PEInfo/DetectedAnomalies/string,string,checksum_mismatchPE Header Anomaly identified in 67% samples.
637,26,FileItem,FileItem/SizeInBytes,int,353792
638,26,FileItem,FileItem/SizeInBytes,int,357888
639,26,FileItem,FileItem/SizeInBytes,int,529004
640,26,FileItem,FileItem/PEInfo/PETimeStamp,date,2011-08-16T09:05:19Z
641,26,FileItem,FileItem/PEInfo/PETimeStamp,date,2012-05-31T08:26:57Z
642,26,FileItem,FileItem/PEInfo/PETimeStamp,date,2011-05-28T16:04:29Z
643,26,FileItem,FileItem/StringList/string,string,Create cmd shell failed with err code
644,26,FileItem,FileItem/StringList/string,string,Exit cmd shell
645,26,FileItem,FileItem/StringList/string,string,Abrot
646,26,FileItem,FileItem/StringList/string,string,Create cmd shell success
647,27,FileItem,FileItem/Md5sum,md5,ad8cde8841208ff226e04e8514dc699c
648,27,FileItem,FileItem/Md5sum,md5,ec3a2197ca6b63ee1454d99a6ae145ab
649,27,FileItem,FileItem/Md5sum,md5,adb62105427567ddc11124fc27921c40
650,27,FileItem,FileItem/Md5sum,md5,84b83d0e8682e89747eee6ad65e21832
651,27,FileItem,FileItem/StringList/string,string,!Kt3+v
652,27,FileItem,FileItem/StringList/string,string,Mozilla/4.0 (compatible; MSIE 6.0; Windows NT 5.1)
653,27,FileItem,FileItem/FileName,string,svchost.exe
654,27,FileItem,FileItem/PEInfo/DetectedAnomalies/string,string,checksum_is_zeroPE Header Anomaly identified in 75% samples.
655,27,FileItem,FileItem/PEInfo/DetectedAnomalies/string,string,contains_eof_dataPE Header Anomaly identified in 25% samples.
656,27,FileItem,FileItem/SizeInBytes,int,48640
657,27,FileItem,FileItem/SizeInBytes,int,52606
658,27,FileItem,FileItem/SizeInBytes,int,81920
659,27,FileItem,FileItem/PEInfo/PETimeStamp,date,2008-10-31T03:49:45Z
660,27,FileItem,FileItem/PEInfo/PETimeStamp,date,2008-12-08T01:22:53Z
661,27,FileItem,FileItem/PEInfo/PETimeStamp,date,2009-03-16T13:30:51Z
662,27,FileItem,FileItem/PEInfo/PETimeStamp,date,2009-05-25T07:58:16Z
663,27,RegistryItem,RegistryItem/Path,string,Software\Microsoft\Windows\CurrentVersion\Run
664,27,RegistryItem,RegistryItem/Text,string,svchost.exe
665,27,RegistryItem,RegistryItem/ValueName,string,AcrobatAPP
666,27,RegistryItem,RegistryItem/ValueName,string,MSTDC
667,27,RegistryItem,RegistryItem/ValueName,string,SVCRTC
668,28,Network,Network/DNS,string,update.yahoo-upgrade.com/ch
669,28,FileItem,FileItem/FilePath,string,\Documents and Settings\All Users\Application Data\MicroTemp\
670,28,FileItem,FileItem/FileName,string,werport.dll
671,28,FileItem,FileItem/FileName,string,wiarpc.dll
672,29,FileItem,FileItem/FileName,string, ka4281x3.log
673,29,FileItem,FileItem/FileName,string,kb71271.log
674,29,FileItem,FileItem/Md5sum,md5,ff5a7a610746ab5492cc6ab284138852
675,29,FileItem,FileItem/Md5sum,md5,82d4850a02375a7447d2d0381b642a72
676,29,FileItem,FileItem/FileName,string,JavaSvc.exe
677,29,FileItem,FileItem/Md5sum,md5,75193fc10145931ec0788d7c88fc8832
678,29,FileItem,FileItem/Md5sum,md5,d444be30d2773b23de38ead1f2c6d117
679,29,FileItem,FileItem/Md5sum,md5,b3830791b0a397bea2ad943d151f856b
680,29,FileItem,FileItem/Md5sum,md5,5340fcfb3d2fa263c280e9659d13ba93
681,29,FileItem,FileItem/Md5sum,md5,beb16ac99642f5c9382686fd8ee73e00
682,29,FileItem,FileItem/Md5sum,md5,4c703a8cfeded7f889872a86fb7c70cf
683,29,FileItem,FileItem/Md5sum,md5,1ce47f76fca26b94b0b1d74610a734a4
684,29,FileItem,FileItem/FileName,string,t3fcj1.doc
685,29,Network,Network/DNS,string,intro.sunnyschool.com.tw
686,29,PortItem,PortItem/remoteIP,IP,200.27.173.58
687,29,PortItem,PortItem/remoteIP,IP,200.42.69.140
688,29,PortItem,PortItem/remoteIP,IP,92.54.232.142
689,29,PortItem,PortItem/remoteIP,IP,133.87.242.63
690,29,PortItem,PortItem/remoteIP,IP,98.188.111.244
691,29,Network,Network/DNS,string,wwap.publiclol.com
692,29,PortItem,PortItem/remoteIP,IP,143.89.145.156
693,29,PortItem,PortItem/remoteIP,IP,198.209.212.82
694,29,PortItem,PortItem/remoteIP,IP,143.89.47.132
695,29,PortItem,PortItem/remoteIP,IP,196.1.99.15
696,29,PortItem,PortItem/remoteIP,IP,59.0.249.11
697,29,PortItem,PortItem/remoteIP,IP,190.16.246.129
698,29,PortItem,PortItem/remoteIP,IP,211.53.164.152
699,29,Network,Network/DNS,string,finance.yesplusno.com
700,29,FileItem,FileItem/Md5sum,md5,a9059c354e5025dfe4f1c0b8b57e4f62
701,29,FileItem,FileItem/Md5sum,md5,4c703a8cfeded7f889872a86fb7c70cf
702,29,FileItem,FileItem/Md5sum,md5, ff5a7a610746ab5492cc6ab284138852
703,29,FileItem,FileItem/FilePath,string,C:\Documents and Settings\User\Application Data\JAVA
704,29,FileItem,FileItem/FileName,string,JavaSvc.exe
705,29,FileItem,FileItem/FileName,string,1030522
706,29,FileItem,FileItem/FileExtension,string,.7z
707,29,FileItem,FileItem/FileName,string,1030522
708,29,FileItem,FileItem/FileName,string,rcs
709,29,FileItem,FileItem/FileExtension,string,.DOC
710,29,RegistryItem,RegistryItem/KeyPath,string,\Software\Microsoft\Windows\CurrentVersion\Run
711,29,RegistryItem,RegistryItem/Value,string,\\User\\Application Data\\JAVA\\JavaSvc.exe
712,29,Network,Network/URI,string,/home/index.asp?typeid=
713,29,Network,Network/HTTP_Referr,string,http://www.google.com
714,29,Network,Network/URI,string,.jpg
715,30,FileItem,FileItem/Md5sum,md5,364ff454dcf00420cff13a57bcb78467
716,30,FileItem,FileItem/Md5sum,md5,95f2480423a4256537bfdfda0df85592
717,30,FileItem,FileItem/Md5sum,md5,075b6695ab63f36af65f7ffd45cccd39
718,30,FileItem,FileItem/Md5sum,md5,02c7cf55fd5c5809ce2dce56085ba437
719,30,FileItem,FileItem/Md5sum,md5,e107c5c84ded6cd9391aede7f04d64c8
720,31,FileItem,FileItem/Md5sum,md5,f7f85d7f628ce62d1d8f7b39d8940472
721,31,FileItem,FileItem/Md5sum,md5,da52e6701c9eba92459c6be28efdba74
722,31,FileItem,FileItem/Md5sum,md5,9dab4da07ed669b44f409eb60f3b0e50
723,31,FileItem,FileItem/Md5sum,md5,0149b7bd7218aab4e257d28469fddb0d
724,31,FileItem,FileItem/Md5sum,md5,9d75897d9c0a5da7e95082ea5ae1f648
725,31,FileItem,FileItem/Md5sum,md5,496f04719a365f9718919002eff5748b
726,31,FileItem,FileItem/Md5sum,md5,c2a79bb15a31fd6584d9bf0891673d14
727,31,FileItem,FileItem/Md5sum,md5,4e1a92036a577a87a6fa36168d192c4b
728,31,FileItem,FileItem/Md5sum,md5,6e9bedcf80f21171adb951a0d85d2adb
729,31,FileItem,FileItem/Md5sum,md5,efc2025431e7ec8f8784fe81389c77cf
730,31,FileItem,FileItem/Md5sum,md5,37ddd3d72ead03c7518f5d47650c8572
731,31,FileItem,FileItem/Md5sum,md5,dff4d874b2bfc64a4d1805959c379074
732,31,FileItem,FileItem/Md5sum,md5,70c10f8b4dcd01b07be6cfb4df0d3348
733,31,FileItem,FileItem/Md5sum,md5,cc3a9a7b026bfe0e55ff219fd6aa7d94
734,31,FileItem,FileItem/Md5sum,md5,aa4f1ecc4d25b33395196b5d51a06790
735,31,FileItem,FileItem/Md5sum,md5,1415eb8519d13328091cc5c76a624e3d
736,31,FileItem,FileItem/Md5sum,md5,3d573866620eae070a220be89e113f69
737,31,FileItem,FileItem/Md5sum,md5,2762fb36161086f7ef3f33232aa790dc
738,31,FileItem,FileItem/Md5sum,md5,57cbf78c226265cc1e61ad86779bf906
739,31,FileItem,FileItem/Md5sum,md5,20e2c8c7a98ddd4c16f6e878194c1e78
740,31,FileItem,FileItem/Md5sum,md5,6040dd5b603483f738be6a02a63538f2
741,31,FileItem,FileItem/Md5sum,md5,abe6ab89f957f6edf8f41b5ad198e5e6
742,31,FileItem,FileItem/Md5sum,md5,3e3e6fe1a8c6ffc00a9c644997a4f7a1
743,31,FileItem,FileItem/Md5sum,md5,4c9c9dbf388a8d81d8cfb4d3fc05f8e4
744,31,FileItem,FileItem/Md5sum,md5,7a670d13d4d014169c4080328b8feb86
745,31,FileItem,FileItem/Md5sum,md5,36d5c8fc4b14559f73b6136d85b94198
746,31,FileItem,FileItem/Md5sum,md5,e5237615fde0977c0ea3626fba609ab8
747,31,FileItem,FileItem/Md5sum,md5,2b659d71ae168e774faaf38db30f4a84
748,31,FileItem,FileItem/Md5sum,md5,2272791cadf422ce02a117a3a857f84e
749,31,FileItem,FileItem/Md5sum,md5,a354e3c566645100e757f3e43c9b007d
750,31,FileItem,FileItem/Md5sum,md5,22aa55134d621672e93c6de928c8b122
751,31,FileItem,FileItem/Md5sum,md5,9d5aabcda9106132d1e1b6cf6cae28aa
752,31,FileItem,FileItem/Md5sum,md5,7f26403f8e59a5f2728af2d3e0efaabb
753,31,FileItem,FileItem/Md5sum,md5,70e2827ab4af1a38dc09a02fa95b82fe
754,31,FileItem,FileItem/Md5sum,md5,a8f259bb36e00d124963cfa9b86f502e
755,31,FileItem,FileItem/Md5sum,md5,c9f77569aa98f71cc42644d66d9f371c
756,31,FileItem,FileItem/Md5sum,md5,328c3ebb2fd2e170483e8d51ccc6c505
757,31,FileItem,FileItem/Md5sum,md5,3de60420845a582b0e44081b1138a7e4
758,31,FileItem,FileItem/Md5sum,md5,2a4604fcae876dee445de5ad74fd7835
759,31,FileItem,FileItem/Md5sum,md5,86a906db5686bbf487689937d15bf71a
760,31,FileItem,FileItem/Md5sum,md5,13835f0d5aafbeda50560afc92c8b7b7
761,31,FileItem,FileItem/Md5sum,md5,63db2f4fd717723f0e6f94e0a6a62c7b
762,31,FileItem,FileItem/Md5sum,md5,ec82a53f44511ac09e916bde02cddef0
763,31,FileItem,FileItem/Md5sum,md5,0588ffa0a244a2c4431c5c4faac60b1f
764,31,FileItem,FileItem/Md5sum,md5,a8b183fe32ad8d426e20227f3c8b7592
765,31,FileItem,FileItem/Md5sum,md5,d751c7f7d2eab52c43ab31312e229307
766,31,FileItem,FileItem/Md5sum,md5,39e28f48c138dc156d1436fd02222e45
767,31,FileItem,FileItem/Md5sum,md5,ca68ccc887cfe5d2194f6a4d3101ae66
768,31,FileItem,FileItem/Md5sum,md5,9ad292de00b2175a80b5909fa173cdcd
769,31,FileItem,FileItem/Md5sum,md5,b743f6af7e307221ba425d6023ebe42c
770,31,FileItem,FileItem/PEInfo/VersionInfoList/VersionInfoItem/FileDescription,string,Adobe Acrobat Document
771,31,FileItem,FileItem/PEInfo/VersionInfoList/VersionInfoItem/OriginalFilename,string,  TXT FILE
772,31,FileItem,FileItem/PEInfo/VersionInfoList/VersionInfoItem/ProductName,string,TXT FILE
773,31,FileItem,FileItem/PEInfo/VersionInfoList/VersionInfoItem/FileDescription,string,TXT FILE
774,31,FileItem,FileItem/PEInfo/VersionInfoList/VersionInfoItem/OriginalFilename,string,ZRMM2011.exe
775,31,FileItem,FileItem/PEInfo/VersionInfoList/VersionInfoItem/ProductName,string,sbt ZRMM2011
776,31,FileItem,FileItem/PEInfo/VersionInfoList/VersionInfoItem/FileDescription,string,ZRMM2011
777,31,FileItem,FileItem/PEInfo/VersionInfoList/VersionInfoItem/InternalName,string,ZRMM2011
778,31,FileItem,FileItem/PEInfo/VersionInfoList/VersionInfoItem/CompanyName,string,sbt
779,31,FileItem,FileItem/FullPath,string,\Windows\inetinfo.exe
780,31,FileItem,FileItem/FullPath,string,\Windows\fxsst.dll
781,31,FileItem,FileItem/FullPath,string,\Windows\wscntfy.exe
782,31,ProcessItem,ProcessItem/HandleList/Handle/Name,string,LETUSHAVEAGOODTIME
783,31,ProcessItem,ProcessItem/HandleList/Handle/Name,string,HAHAHAHAHAHAH
784,31,FileItem,FileItem/FileName,string,iexplore.exe
785,31,FileItem,FileItem/FileName,string,svchost.exe
786,31,FileItem,FileItem/FileName,string,mswab.exe
787,31,FileItem,FileItem/FileName,string,1.jpeg
788,31,FileItem,FileItem/FileName,string,buildout.exe
789,31,FileItem,FileItem/FileName,string,reader_sl.exe
790,31,FileItem,FileItem/FileName,string,WINWORD.EXE
791,31,FileItem,FileItem/FileName,string,press_releases_doc.doc.exe
792,31,FileItem,FileItem/PEInfo/DetectedAnomalies/string,string,contains_eof_dataPE Header Anomaly identified in 6% samples.
793,31,FileItem,FileItem/PEInfo/DetectedAnomalies/string,string,checksum_is_zeroPE Header Anomaly identified in 100% samples.
794,31,FileItem,FileItem/SizeInBytes,int,1220608
795,31,FileItem,FileItem/SizeInBytes,int,14336
796,31,FileItem,FileItem/SizeInBytes,int,14848
797,31,FileItem,FileItem/SizeInBytes,int,15360
798,31,FileItem,FileItem/SizeInBytes,int,15872
799,31,FileItem,FileItem/SizeInBytes,int,16896
800,31,FileItem,FileItem/SizeInBytes,int,17408
801,31,FileItem,FileItem/SizeInBytes,int,17409
802,31,FileItem,FileItem/SizeInBytes,int,2886656
803,31,FileItem,FileItem/SizeInBytes,int,40448
804,31,FileItem,FileItem/PEInfo/PETimeStamp,date,2010-08-27T01:55:04Z
805,31,FileItem,FileItem/PEInfo/PETimeStamp,date,2010-09-28T08:09:41Z
806,31,FileItem,FileItem/PEInfo/PETimeStamp,date,2011-05-30T01:30:24Z
807,31,FileItem,FileItem/PEInfo/PETimeStamp,date,2011-05-30T03:27:33Z
808,31,FileItem,FileItem/PEInfo/PETimeStamp,date,2011-05-30T08:29:29Z
809,31,FileItem,FileItem/PEInfo/PETimeStamp,date,2011-07-01T08:23:45Z
810,31,FileItem,FileItem/PEInfo/PETimeStamp,date,2011-07-29T07:10:31Z
811,31,FileItem,FileItem/PEInfo/PETimeStamp,date,2011-08-09T07:30:17Z
812,31,FileItem,FileItem/PEInfo/PETimeStamp,date,2011-08-09T08:15:29Z
813,31,FileItem,FileItem/PEInfo/PETimeStamp,date,2011-08-09T08:18:19Z
814,31,FileItem,FileItem/PEInfo/PETimeStamp,date,2011-08-11T13:15:49Z
815,31,FileItem,FileItem/PEInfo/PETimeStamp,date,2011-08-15T09:26:15Z
816,31,FileItem,FileItem/PEInfo/PETimeStamp,date,2011-08-19T03:07:37Z
817,31,FileItem,FileItem/PEInfo/PETimeStamp,date,2011-09-16T08:46:55Z
818,31,FileItem,FileItem/PEInfo/PETimeStamp,date,2011-12-12T13:34:30Z
819,31,ServiceItem,ServiceItem/serviceDLLSignatureVerified,string,false
820,31,ServiceItem,ServiceItem/name,string,.Net CLR
821,31,ServiceItem,ServiceItem/descriptiveName,string,Microsoft .Net Framework COM+ Support
822,31,ServiceItem,ServiceItem/description,string,Microsoft .NET and Windows XP COM+ Integration with SOAP
823,31,RegistryItem,RegistryItem/Path,string,CurrentVersion\Run\
824,31,RegistryItem,RegistryItem/Text,string,Users\
825,31,RegistryItem,RegistryItem/Text,string,Documents and Settings\
826,31,RegistryItem,RegistryItem/ValueName,string,SysTray
827,31,RegistryItem,RegistryItem/ValueName,string,systemupdate
828,32,DnsEntryItem,DnsEntryItem/RecordName,string,ellismikepage.info
829,32,DnsEntryItem,DnsEntryItem/RecordName,string,lifehealthsanfrancisco2015.com
830,32,DnsEntryItem,DnsEntryItem/RecordName,string,rpgallerynow.info
831,32,DnsEntryItem,DnsEntryItem/RecordName,string,dmforever.biz
832,32,DnsEntryItem,DnsEntryItem/RecordName,string,msoutexchange.us
833,32,DnsEntryItem,DnsEntryItem/RecordName,string,junomaat81.us
834,32,DnsEntryItem,DnsEntryItem/RecordName,string,outlookscansafe.net
835,32,DnsEntryItem,DnsEntryItem/RecordName,string,outlookexchange.net
836,32,DnsEntryItem,DnsEntryItem/RecordName,string,nickgoodsite.co.uk
837,32,Network,Network/URI,string,msg=
838,32,Network,Network/URI,string,uname=
839,32,Network,Network/URI,string,pword=
840,33,FileItem,FileItem/Md5sum,md5,e81db0198d2a63c4ccfc33f58fcb821e
841,33,FileItem,FileItem/Md5sum,md5,909bef6db8d33854e983ebccdd71419f
842,33,FileItem,FileItem/Md5sum,md5,36ca55556280f715e2de8b4b997a26c9
843,33,FileItem,FileItem/Md5sum,md5,e212aaf642d73a2e4a885f12eea86c58
844,33,FileItem,FileItem/SizeInBytes,int,86016
845,33,FileItem,FileItem/FileName,string,getmail.exe
846,33,FileItem,FileItem/FileName,string,gm.exe
847,33,FileItem,FileItem/FileName,string,winps.exe
848,33,FileItem,FileItem/PEInfo/DetectedAnomalies/string,string,checksum_is_zeroPE Header Anomaly identified in 100% samples.
849,33,FileItem,FileItem/PEInfo/PETimeStamp,date,2005-01-05T01:38:18Z
850,33,FileItem,FileItem/PEInfo/PETimeStamp,date,2005-08-18T09:17:08Z
851,33,FileItem,FileItem/SizeInBytes,int,53248
852,33,FileItem,FileItem/PEInfo/PETimeStamp,date,2005-01-05T01:38:19Z
853,33,FileItem,FileItem/FileName,string,getmail.dll
854,33,FileItem,FileItem/FileName,string,gm.dll
855,33,FileItem,FileItem/FileName,string,winps.dll
856,33,FileItem,FileItem/PEInfo/DetectedAnomalies/string,string,checksum_is_zero
857,33,RegistryItem,RegistryItem/Path,string,SOFTWARE\Microsoft\Windows Messaging Subsystem\MSMapiAppsregistry artifacts that may be created by this malware
858,33,RegistryItem,RegistryItem/Text,string,Microsoft Outlookregistry artifacts that may be created by this malware
859,33,RegistryItem,RegistryItem/Path,string,winps.exeregistry artifacts that may be created by this malware
860,33,RegistryItem,RegistryItem/Path,string,getmail.exeregistry artifacts that may be created by this malware
861,33,RegistryItem,RegistryItem/Path,string,gm.exeregistry artifacts that may be created by this malware
862,33,FileItem,FileItem/PEInfo/Exports/DllName,string,getmail.dllartifact block that desribes functions of the DLL used by this family
863,33,FileItem,FileItem/PEInfo/Exports/ExportedFunctions/string,string,docompress
864,33,FileItem,FileItem/PEInfo/Exports/ExportedFunctions/string,string,doencrypt
865,33,FileItem,FileItem/PEInfo/Exports/NumberOfFunctions,int,2
866,34,FileItem,FileItem/FileName,string,iglicd64.dll
867,34,FileItem,FileItem/FileName,string,msjtea40.dll
868,34,Network,Network/DNS,string,updating.vicp.cc
869,34,FileItem,FileItem/FilePath,string,\dllcache\
870,34,FileItem,FileItem/FileName,string,samsrv.dll
871,35,FileItem,FileItem/Md5sum,md5,F29B1089B3F5E076D4D4BD2A3A02D3CB
872,35,FileItem,FileItem/SizeInBytes,int,204800
873,35,FileItem,FileItem/PEInfo/VersionInfoList/VersionInfoItem/CompanyName,string,Comma Stone
874,35,FileItem,FileItem/PEInfo/VersionInfoList/VersionInfoItem/FileDescription,string,Signs Blast Egypt Avery
875,35,FileItem,FileItem/PEInfo/VersionInfoList/VersionInfoItem/InternalName,string,Wolff Diets Cowboy Mig
876,35,FileItem,FileItem/PEInfo/VersionInfoList/VersionInfoItem/OriginalFilename,string,Baby.exe
877,35,FileItem,FileItem/PEInfo/VersionInfoList/VersionInfoItem/LegalCopyright,string,Copyright Sobs Sift 1997-2011
878,35,FileItem,FileItem/PEInfo/VersionInfoList/VersionInfoItem/ProductVersion,string,VarFileInfo
879,35,FileItem,FileItem/PEInfo/VersionInfoList/VersionInfoItem/ProductName,string,Picks Air
880,35,FileItem,FileItem/FilePath,string,C:\Windows
881,35,FileItem,FileItem/FileName,string,svdhalp.exe
882,35,FileItem,FileItem/FileName,string,svdhalp.exe.ini
883,35,FileItem,FileItem/FileName,string,syskey2i.drv
884,35,FileItem,FileItem/SizeInBytes,int,276480
885,35,FileItem,FileItem/PEInfo/VersionInfoList/VersionInfoItem/CompanyName,string,Ohokls Vwivanl
886,35,FileItem,FileItem/PEInfo/VersionInfoList/VersionInfoItem/FileDescription,string,Ohokls Uanvbnmsel Qukxwdrb
887,35,FileItem,FileItem/PEInfo/VersionInfoList/VersionInfoItem/FileVersion,string,"25, 34, 66, 19"
888,35,FileItem,FileItem/PEInfo/VersionInfoList/VersionInfoItem/InternalName,string,Ohokls
889,35,FileItem,FileItem/PEInfo/VersionInfoList/VersionInfoItem/LegalCopyright,string,Copyright Ohokls Vwivanl 1997-2011
890,35,FileItem,FileItem/PEInfo/VersionInfoList/VersionInfoItem/OriginalFilename,string,Ohokls.exe
891,35,FileItem,FileItem/PEInfo/VersionInfoList/VersionInfoItem/ProductName,string,Ohokls Uanvbnmsel Qukxwdrb
892,35,FileItem,FileItem/FilePath,string,C:\Windows\System32\drivers
893,35,FileItem,FileItem/FileName,string,svgtook.exe
894,35,FileItem,FileItem/FileName,string,svflooje.exe
895,35,FileItem,FileItem/FileName,string,svcgoow.exe
896,35,FileItem,FileItem/FilePath,string,%Windir%\
897,35,FileItem,FileItem/FileName,string,keys.ini
898,35,RegistryItem,RegistryItem/Path,string,HKLM\SYSTEM\CurrentControlSet\Services\svgtook
899,35,RegistryItem,RegistryItem/Path,string,HKLM\SYSTEM\CurrentControlSet\Services\svgtook\Security
900,35,RegistryItem,RegistryItem/Path,string,HKLM\SYSTEM\CurrentControlSet\Services\svgtook\Enum
901,35,DnsEntryItem,DnsEntryItem/RecordName,string,ASDADDDDAAAA.COM
902,35,UrlHistoryItem,UrlHistoryItem/URL,string,ASDADDDDAAAA.COM
903,35,DnsEntryItem,DnsEntryItem/RecordData/IPv4Address,IP,195.3.145.87
904,35,DnsEntryItem,DnsEntryItem/RecordName,string,bestdumps.biz
905,35,DnsEntryItem,DnsEntryItem/RecordName,string,lost-pass.ru
906,35,DnsEntryItem,DnsEntryItem/RecordName,string,mail.asdaddddaaaa.com
907,35,DnsEntryItem,DnsEntryItem/RecordName,string,mittmax.com
908,35,DnsEntryItem,DnsEntryItem/RecordName,string,ns1.euro-2012portal.com
909,35,DnsEntryItem,DnsEntryItem/RecordName,string,ns1.euro2012-portal.com
910,35,DnsEntryItem,DnsEntryItem/RecordName,string,ns2.euro-2012portal.com
911,35,DnsEntryItem,DnsEntryItem/RecordName,string,ns2.euro2012-portal.com
912,35,DnsEntryItem,DnsEntryItem/RecordName,string,open-pass.com
913,35,DnsEntryItem,DnsEntryItem/RecordName,string,pizdaruliu.net
914,35,DnsEntryItem,DnsEntryItem/RecordName,string,skachatiskype.ru
915,35,DnsEntryItem,DnsEntryItem/RecordName,string,skype4download.ru
916,35,DnsEntryItem,DnsEntryItem/RecordName,string,www.mittmax.com
917,35,DnsEntryItem,DnsEntryItem/RecordName,string,www.skype-rf.ru
918,35,DnsEntryItem,DnsEntryItem/RecordName,string,www.skype4download.ru
919,35,DnsEntryItem,DnsEntryItem/RecordName,string,xaker.me 
920,35,UrlHistoryItem,UrlHistoryItem/URL,string,bestdumps.biz
921,35,UrlHistoryItem,UrlHistoryItem/URL,string,lost-pass.ru
922,35,UrlHistoryItem,UrlHistoryItem/URL,string,mail.asdaddddaaaa.com
923,35,UrlHistoryItem,UrlHistoryItem/URL,string,mittmax.com
924,35,UrlHistoryItem,UrlHistoryItem/URL,string,ns1.euro-2012portal.com
925,35,UrlHistoryItem,UrlHistoryItem/URL,string,ns1.euro2012-portal.com
926,35,UrlHistoryItem,UrlHistoryItem/URL,string,ns2.euro-2012portal.com
927,35,UrlHistoryItem,UrlHistoryItem/URL,string,ns2.euro2012-portal.com
928,35,UrlHistoryItem,UrlHistoryItem/URL,string,open-pass.com
929,35,UrlHistoryItem,UrlHistoryItem/URL,string,pizdaruliu.net
930,35,UrlHistoryItem,UrlHistoryItem/URL,string,skachatiskype.ru
931,35,UrlHistoryItem,UrlHistoryItem/URL,string,skype4download.ru
932,35,UrlHistoryItem,UrlHistoryItem/URL,string,www.mittmax.com
933,35,UrlHistoryItem,UrlHistoryItem/URL,string,www.skype-rf.ru
934,35,UrlHistoryItem,UrlHistoryItem/URL,string,www.skype4download.ru
935,35,UrlHistoryItem,UrlHistoryItem/URL,string,xaker.me 
936,35,DnsEntryItem,DnsEntryItem/RecordData/IPv4Address,IP,46.108.225.57
937,35,DnsEntryItem,DnsEntryItem/RecordData/IPv4Address,IP,46.108.225.60
938,35,DnsEntryItem,DnsEntryItem/RecordData/IPv4Address,IP,46.108.225.72
939,35,DnsEntryItem,DnsEntryItem/RecordData/IPv4Address,IP,46.252.130.141
940,35,DnsEntryItem,DnsEntryItem/RecordData/IPv4Address,IP,46.252.130.150
941,35,DnsEntryItem,DnsEntryItem/RecordData/IPv4Address,IP,46.252.131.5
942,35,DnsEntryItem,DnsEntryItem/RecordData/IPv4Address,IP,46.252.131.7
943,35,DnsEntryItem,DnsEntryItem/RecordData/IPv4Address,IP,46.252.131.9
944,35,DnsEntryItem,DnsEntryItem/RecordData/IPv4Address,IP,94.244.80.217
945,35,DnsEntryItem,DnsEntryItem/RecordData/IPv4Address,IP,95.64.50.30
946,35,DnsEntryItem,DnsEntryItem/RecordData/IPv4Address,IP,141.136.16.100
947,35,DnsEntryItem,DnsEntryItem/RecordData/IPv4Address,IP,223.25.242.107
948,35,DnsEntryItem,DnsEntryItem/RecordData/IPv4Address,IP,223.25.242.196
949,35,DnsEntryItem,DnsEntryItem/RecordData/IPv4Address,IP,195.3.145.87
950,36,FileItem,FileItem/Md5sum,md5,7a7a46e8fbc25a624d58e897dee04ffa
951,36,FileItem,FileItem/Md5sum,md5,be58ff564c854be419a19a030af25c86
952,36,FileItem,FileItem/FullPath,string,help\svchost.exe
953,36,FileItem,FileItem/FileName,string,sdwefa.gif
954,36,FileItem,FileItem/FullPath,string,Microsoft\wuauclt.exe
955,36,RegistryItem,RegistryItem/Text,string,help\svchost.exe
956,36,FileItem,FileItem/PEInfo/DetectedAnomalies/string,string,checksum_is_zeroPE Header Anomaly identified in 100% samples.
957,36,FileItem,FileItem/FileName,string,wuauclt.exe
958,36,FileItem,FileItem/FileName,string,svchost.exe
959,36,FileItem,FileItem/SizeInBytes,int,10240
960,36,FileItem,FileItem/PEInfo/PETimeStamp,date,2012-03-16T07:10:50Z
961,36,FileItem,FileItem/PEInfo/VersionInfoList/VersionInfoItem/OriginalFilename,string,svchost.exe
962,36,FileItem,FileItem/PEInfo/VersionInfoList/VersionInfoItem/FileDescription,string,Generic Host Process for Win32 Services
963,36,FileItem,FileItem/PEInfo/VersionInfoList/VersionInfoItem/InternalName,string,svchost.exe
964,36,FileItem,FileItem/FileName,string,wuaclt.exe
965,36,FileItem,FileItem/FullPath,string,help\svchost.exe
966,36,RegistryItem,RegistryItem/Path,string,currentversion\run
967,36,RegistryItem,RegistryItem/ValueName,string,AdobeCom
968,37,FileItem,FileItem/FileName,string,w7fw
969,37,FileItem,FileItem/FileName,string,globalsign.cer
970,37,ProcessItem,ProcessItem/HandleList/Handle/Name,string,w7fw
971,37,ServiceItem,ServiceItem/serviceDLLCertificateIssuer,string,GlobalSign Root CA
972,37,ServiceItem,ServiceItem/pathCertificateIssuer,string,GlobalSign Root CA
973,37,ServiceItem,ServiceItem/name,string,W7fw
974,37,ServiceItem,ServiceItem/name,string,W7fwMP
975,37,FileItem,FileItem/FileName,string,oci.vbs
976,37,FileItem,FileItem/FilePath,string,C:\Windows\System32
977,37,FileItem,FileItem/PEInfo/VersionInfoList/VersionInfoItem/FileDescription,string,Windows Command Processor
978,37,FileItem,FileItem/FileName,string,sethc.exe
979,37,RegistryItem,RegistryItem/KeyPath,string,\SOFTWARE\Microsoft\Windows NT\CurrentVersion\Image File Execution Options\sethc.ece
980,37,RegistryItem,RegistryItem/Value,string,C:\Windows\System32\sethc.exe
981,37,FileItem,FileItem/FileName,string,sethc.exe
982,37,FileItem,FileItem/FilePath,string,C:\Windows\System32
983,37,FileItem,FileItem/FileName,string,oci.dll
984,37,FileItem,FileItem/FilePath,string,C:\WINDOWS\system32\wbem\
985,37,FileItem,FileItem/SizeInBytes,int,331776
986,37,FileItem,FileItem/PEInfo/PETimeStamp,date,2011-11-02T08:18:28Z
987,37,FileItem,FileItem/PEInfo/VersionInfoList/VersionInfoItem/OriginalFilename,string,Rserver.exe
988,37,FileItem,FileItem/PEInfo/VersionInfoList/VersionInfoItem/InternalName,string,Rserver
989,37,FileItem,FileItem/PEInfo/ImportedModules/Module/ImportedFunctions/string,string,setupcopyoeminfw
990,37,FileItem,FileItem/PEInfo/ResourceInfoList/ResourceInfoItem/Type,string,BIN
991,37,FileItem,FileItem/PEInfo/ResourceInfoList/ResourceInfoItem/Name,string,153
992,37,FileItem,FileItem/PEInfo/ResourceInfoList/ResourceInfoItem/Name,string,154
993,37,FileItem,FileItem/PEInfo/ResourceInfoList/ResourceInfoItem/Name,string,155
994,37,FileItem,FileItem/PEInfo/ResourceInfoList/ResourceInfoItem/Name,string,156
995,37,FileItem,FileItem/PEInfo/ResourceInfoList/ResourceInfoItem/Name,string,158
996,37,FileItem,FileItem/PEInfo/ResourceInfoList/ResourceInfoItem/Name,string,161
997,37,FileItem,FileItem/PEInfo/ResourceInfoList/ResourceInfoItem/Name,string,162
998,37,FileItem,FileItem/PEInfo/ResourceInfoList/ResourceInfoItem/Name,string,163
999,37,FileItem,FileItem/PEInfo/ResourceInfoList/ResourceInfoItem/Name,string,164
1000,37,FileItem,FileItem/FileName,string,W7fw.sys
1001,37,FileItem,FileItem/FilePath,string,C:\WINDOWS\system32\drivers\
1002,37,EventLogItem,EventLogItem/message,string,The MS DTC service is stopping
1003,37,EventLogItem,EventLogItem/message,string,The Distributed Transaction Coordinator service was successfully sent a start control
1004,37,ProcessItem,ProcessItem/name,string,certmgr.exe
1005,37,ProcessItem,ProcessItem/arguments,string,-add GlobalSign.cer -c -s -r localMachine Root
1006,37,ProcessItem,ProcessItem/arguments,string,-add GlobalSign.cer -c -s -r localMachineTrustedPublisher
1007,38,FileItem,FileItem/Md5sum,md5,68e5bff12ac33ecb98977afed51ebad0
1008,38,FileItem,FileItem/Md5sum,md5,929802a27737cebc59d19da724fdf30a
1009,38,FileItem,FileItem/Md5sum,md5,b9b3673a721578b230490f7dfc6df21e
1010,38,FileItem,FileItem/Md5sum,md5,cf9c2d5a8fbdd1c5adc20cfc5e663c21
1011,38,FileItem,FileItem/Md5sum,md5,c04c796ef126ad7429be7d55720fe392
1012,38,FileItem,FileItem/Md5sum,md5,6b6c4c0e2959df248be90d89899953a9
1013,38,FileItem,FileItem/Md5sum,md5,5ae0efccce47ea16bcc61e4003c1c57f
1014,38,FileItem,FileItem/FullPath,string,\Temp\~df~
1015,38,FileItem,FileItem/FullPath,string,\start menu\programs\startup\adobe_sl.exe
1016,38,FileItem,FileItem/FullPath,string,\Temp\~hf~
1017,38,FileItem,FileItem/FileName,string,adobe_sl.exe
1018,38,FileItem,FileItem/FileName,string,wuauclt.exe
1019,38,FileItem,FileItem/FileName,string,spending_cutting_plan               .exe
1020,38,FileItem,FileItem/FileName,string,adobere.exe
1021,38,FileItem,FileItem/PEInfo/DetectedAnomalies/string,string,checksum_is_zeroPE Header Anomaly identified in 100% samples.
1022,38,FileItem,FileItem/SizeInBytes,int,300032
1023,38,FileItem,FileItem/SizeInBytes,int,301056
1024,38,FileItem,FileItem/SizeInBytes,int,304640
1025,38,FileItem,FileItem/SizeInBytes,int,305152
1026,38,FileItem,FileItem/SizeInBytes,int,8704
1027,38,FileItem,FileItem/PEInfo/PETimeStamp,date,2010-11-16T13:02:48Z
1028,38,FileItem,FileItem/PEInfo/PETimeStamp,date,2012-08-20T12:56:12Z
1029,38,FileItem,FileItem/PEInfo/PETimeStamp,date,2012-08-20T12:59:08Z
1030,38,FileItem,FileItem/PEInfo/PETimeStamp,date,2012-08-20T14:06:56Z
1031,38,FileItem,FileItem/PEInfo/PETimeStamp,date,2012-08-24T14:13:12Z
1032,38,FileItem,FileItem/PEInfo/PETimeStamp,date,2012-10-16T09:32:33Z
1033,38,FileItem,FileItem/PEInfo/PETimeStamp,date,2010-11-16T13:02:51Z
1034,38,RegistryItem,RegistryItem/Path,string,\Software\Microsoft\Windows\CurrrentVersion\Run\AutoUpdate
1035,38,RegistryItem,RegistryItem/Text,string,wuauclt.exe
1036,38,FileItem,FileItem/StringList/string,string,2010QBP
1037,38,FileItem,FileItem/StringList/string,string,H_ctitrIei
1038,38,FileItem,FileItem/StringList/string,string,LOeFlAL3.l
1039,39,FileItem,FileItem/Md5sum,md5,F68872773A88652541BD8D6CA9BDA058
1040,39,ServiceItem,ServiceItem/serviceDLLsha1sum,sha1,C8AC1B977D771C89ED7152F0DAEDB6A3E8B69B24
1041,39,ServiceItem,ServiceItem/serviceDLLsha256sum,sha256,9FD30BDA0EDF3B10B326703303FA15995A688D200582822EF49422EBAC87B7F7
1042,40,FileItem,FileItem/Md5sum,md5,3fc26910f9c31bd9ba3ccb09132d9ca3
1043,40,FileItem,FileItem/Md5sum,md5,f81991fab3b7d58d66629e26d21176ed
1044,40,FileItem,FileItem/Md5sum,md5,2198fea94bb79b001fcfd3e03b269001
1045,40,FileItem,FileItem/Md5sum,md5,dba356a4726b94731e6ea97aa73cfc3f
1046,40,FileItem,FileItem/Md5sum,md5,a44312eb63de002383a57b5a93271cdc
1047,40,FileItem,FileItem/Md5sum,md5,9f11bc08af048c5c3a110e567082fe0b
1048,40,FileItem,FileItem/Md5sum,md5,ef349196b0ffef5a02d30413c8dffc7c
1049,40,FileItem,FileItem/Md5sum,md5,76c1b246703a10cb6e71a3e5b7b55b24
1050,40,FileItem,FileItem/Md5sum,md5,dc1cff84900afc9d292b305f9b9aae34
1051,40,FileItem,FileItem/Md5sum,md5,bdd2ad4c0e1e5667d117810ae9e36c4b
1052,40,FileItem,FileItem/Md5sum,md5,277f95bff2e0fe317f86b5010bd83a18
1053,40,FileItem,FileItem/Md5sum,md5,1aea4d24f3bd2c51288ad643fc66e0d2
1054,40,FileItem,FileItem/Md5sum,md5,d197c388184fef263b7944a7186bc6db
1055,40,FileItem,FileItem/Md5sum,md5,129c6cd9d2aa895cf6fa137fa1d3a188
1056,40,FileItem,FileItem/Md5sum,md5,c8d2b7f92fff545b3b19e9b1e1057071
1057,40,FileItem,FileItem/Md5sum,md5,5bcaa2f4bc7567f6ffd5507a161e221a
1058,40,FileItem,FileItem/Md5sum,md5,438983192903f3fecf77500a39459ee6
1059,40,FileItem,FileItem/Md5sum,md5,59620925bf1c4f760c4bf225c7efd6c0
1060,40,FileItem,FileItem/Md5sum,md5,bca9bd0abbb31a422458abf521a6a2fb
1061,40,FileItem,FileItem/Md5sum,md5,db5805604f84b7303fa04feb18ce8271
1062,40,FileItem,FileItem/Md5sum,md5,0e84132e5ad04351b644b8d8743fc4d3
1063,40,FileItem,FileItem/Md5sum,md5,a2534e9b7e4146368ea3245381830eb0
1064,40,FileItem,FileItem/Md5sum,md5,04f481d6710ac5d68d0eacac2600a041
1065,40,FileItem,FileItem/Md5sum,md5,bf0ee4367ea32f8e3b911c304258e439
1066,40,RegistryItem,RegistryItem/Path,string,services\devfsregistry entries created by some variants
1067,40,RegistryItem,RegistryItem/Path,string,services\oseasvregistry entries created by some variants
1068,40,FileItem,FileItem/FileName,string,sacard.exe
1069,40,FileItem,FileItem/FileName,string,mci.jpg
1070,40,FileItem,FileItem/FileName,string,dfhost.exe
1071,40,FileItem,FileItem/FileName,string,wmicide.exe
1072,40,FileItem,FileItem/FileName,string,wmiprvse.exe
1073,40,FileItem,FileItem/FileName,string,listen.exe
1074,40,FileItem,FileItem/FileName,string,oobewmiprvse.exe
1075,40,FileItem,FileItem/FileName,string,a.exe
1076,40,FileItem,FileItem/FileName,string,msctcwmiprvse.exe
1077,40,FileItem,FileItem/FileName,string,winsrv.exe
1078,40,FileItem,FileItem/FileName,string,adress.jpg
1079,40,FileItem,FileItem/FileName,string,adress2.jpg
1080,40,FileItem,FileItem/FileName,string,abc.gif
1081,40,FileItem,FileItem/FileName,string,devfs.exe
1082,40,FileItem,FileItem/FileName,string,cft.exe
1083,40,FileItem,FileItem/PEInfo/DetectedAnomalies/string,string,contains_eof_dataPE Header Anomaly identified in 12% samples.
1084,40,FileItem,FileItem/PEInfo/DetectedAnomalies/string,string,checksum_is_zeroPE Header Anomaly identified in 100% samples.
1085,40,FileItem,FileItem/SizeInBytes,int,11264
1086,40,FileItem,FileItem/SizeInBytes,int,13824
1087,40,FileItem,FileItem/SizeInBytes,int,13825
1088,40,FileItem,FileItem/SizeInBytes,int,15872
1089,40,FileItem,FileItem/SizeInBytes,int,15873
1090,40,FileItem,FileItem/SizeInBytes,int,16384
1091,40,FileItem,FileItem/SizeInBytes,int,8704
1092,40,FileItem,FileItem/SizeInBytes,int,9216
1093,40,FileItem,FileItem/SizeInBytes,int,9728
1094,40,FileItem,FileItem/PEInfo/PETimeStamp,date,2009-07-02T07:45:46Z
1095,40,FileItem,FileItem/PEInfo/PETimeStamp,date,2009-10-27T07:23:52Z
1096,40,FileItem,FileItem/PEInfo/PETimeStamp,date,2009-11-11T06:33:02Z
1097,40,FileItem,FileItem/PEInfo/PETimeStamp,date,2010-06-29T00:31:41Z
1098,40,FileItem,FileItem/PEInfo/PETimeStamp,date,2010-08-04T02:47:55Z
1099,40,FileItem,FileItem/PEInfo/PETimeStamp,date,2010-09-19T08:33:34Z
1100,40,FileItem,FileItem/PEInfo/PETimeStamp,date,2010-09-19T08:34:11Z
1101,40,FileItem,FileItem/PEInfo/PETimeStamp,date,2010-12-06T00:38:26Z
1102,40,FileItem,FileItem/PEInfo/PETimeStamp,date,2011-04-21T16:30:21Z
1103,40,FileItem,FileItem/PEInfo/PETimeStamp,date,2012-02-28T11:48:43Z
1104,40,ServiceItem,ServiceItem/description,string,Saves installation files used for updates and repairs and is required for the downloading of Setup updates and Watson error reports.service information set up by some variants of this malware
1105,40,ServiceItem,ServiceItem/descriptiveName,string,Device File System
1106,40,ServiceItem,ServiceItem/descriptiveName,string,Office Engine Service
1107,40,ServiceItem,ServiceItem/name,string,DevFS
1108,40,ServiceItem,ServiceItem/name,string,OSEASV
1109,40,RegistryItem,RegistryItem/Path,string,\services\devfs\dependondeviceregistry entries created by some variants
1110,40,RegistryItem,RegistryItem/Text,string,plugplay
